product_no,product_name,category,sub_category,price,fabric,fit_type,size_range,recommended_body_type,body_cover_features,style_tags,season,length_type,sleeve_type,color_options,recommended_age,coordination_items,product_summary
28579,몬트 A라인 사파리 자켓,아우터,자켓,86200,면60%와 나일론40%의 혼방 소재를 사용하여 내구성이 뛰어나며 / 나일론40%의 혼방 소재를 사용하여 내구성이 뛰어나며,,55-88,어깨좁음;하체통통,힙커버;허리라인보정,클래식;데일리,,기본,긴팔,블랙;베이지,4050,슬랙스;데님;스커트,★ 제작 상의 54 ★ 【국내생산 / 탄탄한 고밀도】
28583,N. 링슬럽 밴딩 세미 와이드 데님,팬츠,데님,54400,,,55-88,복부체형;하체통통,뱃살커버;힙커버,데일리,,롱,긴팔,,4050,슬랙스;데님,【국내 고퀄/고밀도 50수】
28264,비아 자수 레글런 맨투맨,티셔츠,티셔츠,33300,코튼50% 폴리에스터50% 혼용 소재입니다 / 폴리에스터50% 혼용 소재입니다,세미루즈,55-88,어깨좁음,팔뚝커버,페미닌;데일리,,기본,긴팔,블랙,4050,슬랙스;데님;스커트,"미샵 - 비아 자수 레글런 맨투맨 (3 color) 비아 자수 레글런 맨투맨 (3 color) (해외배송 가능상품) ( 건) 비아 자수 레글런 맨투맨 (3 color) 35,800원 33,300원 남은시간 2일 11:13:38 (2,500원 할인) 2026-03-13 12:00 ~ 2026-03-16 12:00 330원 (1%) 재입고 알림 SMS 상품 옵션 컬러 - [필수] 옵션을 선택해"
28568,어반 실버 포인트 긴팔 셔츠,블라우스/셔츠,셔츠,40500,폴리에스터100% 소재입니다,,55-88,어깨좁음,뱃살커버;허리라인보정,클래식;데일리,,기본,긴팔,블랙;화이트;베이지,4050,데님,"미샵 - 어반 실버 포인트 긴팔 셔츠 (2 color) 어반 실버 포인트 긴팔 셔츠 (2 color) (해외배송 가능상품) ( 건) 어반 실버 포인트 긴팔 셔츠 (2 color) 43,500원 40,500원 남은시간 2일 11:13:37 (3,000원 할인) 2026-03-13 12:00 ~ 2026-03-16 12:00 400원 (1%) 재입고 알림 SMS 상품 옵션 컬러 - [필수] 옵션"
27344,루니 트위드 라운드 자켓 / 사이즈별,아우터,자켓,110200,코튼15% 폴리에스터85% 혼용 원단입니다 / 폴리에스터85% 혼용 원단입니다,슬림핏,55-88,어깨좁음;하체통통,허리라인보정,클래식;페미닌;데일리,겨울,크롭,긴팔,블랙;핑크,4050,데님;스커트,【사이즈별/국내 브랜드 공정】
27259,래브 스퀘어 니트,니트/가디건,니트,35800,폴리에스터100% 니트입니다,,55-88,어깨좁음,팔뚝커버;허리라인보정,클래식;데일리;오피스룩,,크롭,긴팔,블랙;베이지;핑크,4050,슬랙스;데님;스커트;니트,"미샵 - 래브 스퀘어 니트 (4 color) 래브 스퀘어 니트 (4 color) (해외배송 가능상품) ( 건) 래브 스퀘어 니트 (4 color) 38,500원 35,800원 남은시간 2일 11:13:34 (2,700원 할인) 2026-03-13 12:00 ~ 2026-03-16 12:00 350원 (1%) 재입고 알림 SMS 상품 옵션 컬러 - [필수] 옵션을 선택해 주세요 - ------"
28582,분또 배색 카라 롱 원피스,원피스/스커트,원피스,55600,,,55-88,어깨좁음;복부체형;하체통통,뱃살커버;힙커버;허리라인보정,클래식;데일리;학모룩,,롱,긴팔,블랙;그레이,4050,데님;원피스,【 11% 스판혼방의 고중량 분또원단】
26785,엔자임 반폴라 반팔 티셔츠,블라우스/셔츠,셔츠,26500,코튼95% 스판5% 혼용 소재입니다 / 스판5% 혼용 소재입니다,,44-88,어깨좁음;팔뚝통통,팔뚝커버;허리라인보정,클래식;데일리,봄;여름;가을,기본,반팔,블랙;아이보리;베이지;브라운,4050,데님,【엔자임 바이오가공 코튼】
26047,버터 골드 버튼 브이 가디건,니트/가디건,가디건,44500,,,44-88,어깨좁음,허리라인보정,클래식;페미닌;데일리,봄;가을;간절기,기본,긴팔,블랙,4050,데님;니트,【와이드 슬랙스와 스커트 모두 굿】
28578,마블링 파스텔 쉬폰 머플러,,,18400,,,55-88,4050 여성 일반체형,,데일리,봄;가을;간절기,기본,긴팔,핑크;네이비,4050,데님,"미샵 - 마블링 파스텔 쉬폰 머플러 (2 color) 마블링 파스텔 쉬폰 머플러 (2 color) (해외배송 가능상품) ( 건) 마블링 파스텔 쉬폰 머플러 (2 color) 19,800원 18,400원 남은시간 2일 11:13:27 (1,400원 할인) 2026-03-13 12:00 ~ 2026-03-16 12:00 180원 (1%) 재입고 알림 SMS 상품 옵션 컬러 - [필수] 옵션을 선"
23740,메쉬 밴딩 메리제인 슈즈,,,41700,,,44-88,4050 여성 일반체형,,데일리,겨울,기본,긴팔,블랙;베이지,4050,데님;원피스,【굽 3cm / 대박 착화감】
28575,루체 드레이프 실루엣 블라우스,블라우스/셔츠,블라우스,43600,폴리에스터 100% 소재를 사용해 피부에 닿는 감촉이 매우 매끄럽고,,55-88,어깨좁음;팔뚝통통,팔뚝커버;뱃살커버;허리라인보정,데일리;오피스룩;모임룩,,기본,긴팔,블랙;베이지,4050,슬랙스;데님;스커트,"미샵 - 루체 드레이프 실루엣 블라우스 (2 color) 루체 드레이프 실루엣 블라우스 (2 color) (해외배송 가능상품) ( 건) 루체 드레이프 실루엣 블라우스 (2 color) 48,500원 43,600원 남은시간 3일 11:13:24 (4,900원 할인) 2026-03-13 12:00 ~ 2026-03-17 12:00 430원 (1%) 재입고 알림 SMS 상품 옵션 컬러 - [필수]"
28573,스트라이프 오픈 카라 데일리 니트,니트/가디건,니트,32100,,,55-88,어깨좁음,뱃살커버,데일리,봄;가을;겨울,기본,긴팔,블랙;화이트;베이지,4050,데님;니트,"미샵 - 스트라이프 오픈 카라 데일리 니트 (3 color) 스트라이프 오픈 카라 데일리 니트 (3 color) (해외배송 가능상품) ( 건) 스트라이프 오픈 카라 데일리 니트 (3 color) 34,500원 32,100원 남은시간 2일 11:13:22 (2,400원 할인) 2026-03-13 12:00 ~ 2026-03-16 12:00 320원 (1%) 재입고 알림 SMS 상품 옵션 컬러"
27225,에잇 자수 레글런 맨투맨,티셔츠,티셔츠,30200,코튼100% 소재입니다,세미루즈,55-88,어깨좁음;하체통통,팔뚝커버;뱃살커버,클래식;데일리,겨울,크롭,긴팔,화이트;그레이;네이비,4050,슬랙스;데님;스커트,"미샵 - 에잇 자수 레글런 맨투맨 (3 color) 에잇 자수 레글런 맨투맨 (3 color) (해외배송 가능상품) ( 건) 에잇 자수 레글런 맨투맨 (3 color) 32,500원 30,200원 남은시간 2일 11:13:21 (2,300원 할인) 2026-03-13 12:00 ~ 2026-03-16 12:00 300원 (1%) 재입고 알림 SMS 상품 옵션 컬러 - [필수] 옵션을 선택해"
26829,빈츠 하운즈 트위드 자켓 / 사이즈별,아우터,자켓,53500,폴리에스터100% 트위드 자켓입니다,세미루즈,55-88,어깨좁음,,페미닌;데일리;학모룩,겨울,기본,긴팔,블랙,4050,데님,【XL까지 사이즈별 입고】
28574,셔링 실루엣 간절기 점퍼,아우터,점퍼,43500,나일론 100% 겉감을 사용했습니다,,55-88,어깨좁음;하체통통,힙커버;허리라인보정,클래식;데일리;오피스룩,봄;가을;간절기,기본,긴팔,베이지;네이비,4050,슬랙스;데님;스커트,"미샵 - 셔링 실루엣 간절기 점퍼 (2 color) 셔링 실루엣 간절기 점퍼 (2 color) (해외배송 가능상품) ( 건) 셔링 실루엣 간절기 점퍼 (2 color) 46,800원 43,500원 남은시간 2일 11:13:18 (3,300원 할인) 2026-03-13 12:00 ~ 2026-03-16 12:00 430원 (1%) 재입고 알림 SMS 상품 옵션 컬러 - [필수] 옵션을 선택해"
27997,그레이스 투 핀턱 와이드 슬랙스,팬츠,슬랙스,36100,폴리에스터97% 스판3% 혼용 소재입니다 / 스판3% 혼용 소재입니다,,55-88,복부체형;하체통통,힙커버,클래식;데일리,,롱,긴팔,블랙;베이지;그레이,4050,슬랙스;데님,"미샵 - 그레이스 투 핀턱 와이드 슬랙스 (3 color) 그레이스 투 핀턱 와이드 슬랙스 (3 color) (해외배송 가능상품) ( 건) 그레이스 투 핀턱 와이드 슬랙스 (3 color) 38,800원 36,100원 남은시간 2일 11:13:16 (2,700원 할인) 2026-03-13 12:00 ~ 2026-03-16 12:00 360원 (1%) 재입고 알림 SMS 상품 옵션 컬러-사이즈"
28576,모찌 사카리바 밴딩 스커트,원피스/스커트,스커트,33300,면 29% / 폴리에스터 68% / 스판 3%라는 최적의 혼용률로 완성된 사카리바 이중직 소재로 입는 순간 느껴지는 탄탄함과 부드러움이 남다릅니다,,55-88,복부체형;하체통통,힙커버;허리라인보정,데일리;오피스룩,봄;가을;겨울,기본,긴팔,블랙,4050,데님;스커트;니트,【맵시있는 사카리바 이중지 원단】
28030,오리지널 클래식 싱글 자켓,아우터,자켓,74200,폴리에스터100% 소재입니다,오버핏,55-88,어깨좁음,뱃살커버;허리라인보정,클래식;데일리;오피스룩,봄;가을,기본,긴팔,블랙;베이지;브라운,4050,데님,"미샵 - 오리지널 클래식 싱글 자켓 (3 color) 오리지널 클래식 싱글 자켓 (3 color) (해외배송 가능상품) ( 건) 오리지널 클래식 싱글 자켓 (3 color) 82,500원 74,200원 남은시간 3일 11:13:13 (8,300원 할인) 2026-03-13 12:00 ~ 2026-03-17 12:00 740원 (1%) 재입고 알림 SMS 상품 옵션 컬러 - [필수] 옵션을 선"
28577,니트 메리제인 플랫슈즈,니트/가디건,니트,45100,,,55-88,4050 여성 일반체형,,페미닌;데일리,,기본,긴팔,블랙;베이지,4050,슬랙스;데님;원피스;니트,【속굽 포함 3cm / 쫀쫀 편안한 니트】
28526,로그 패턴 롬버스 머플러,,,11900,,,55-88,4050 여성 일반체형,허리라인보정,데일리,봄;가을;겨울,기본,긴팔,그레이,4050,데님,"미샵 - 로그 패턴 롬버스 머플러 (3 color) 로그 패턴 롬버스 머플러 (3 color) (해외배송 가능상품) ( 건) 로그 패턴 롬버스 머플러 (3 color) 12,800원 11,900원 남은시간 2일 11:13:10 (900원 할인) 2026-03-13 12:00 ~ 2026-03-16 12:00 110원 (1%) 재입고 알림 SMS 상품 옵션 컬러 - [필수] 옵션을 선택해 주세"
28572,내추럴 캣브러쉬 뒷밴딩 데님,팬츠,데님,52500,면 100% 소재를 사용하여 데님 본연의 멋스러운 실루엣을 잘 잡아줍니다,,55-88,복부체형;하체통통,힙커버;허리라인보정,데일리,,기본,긴팔,브라운,4050,데님,"미샵 - 내추럴 캣브러쉬 뒷밴딩 데님 (1 color) 내추럴 캣브러쉬 뒷밴딩 데님 (1 color) (해외배송 가능상품) ( 건) 내추럴 캣브러쉬 뒷밴딩 데님 (1 color) 56,500원 52,500원 남은시간 2일 11:13:09 (4,000원 할인) 2026-03-13 12:00 ~ 2026-03-16 12:00 520원 (1%) 재입고 알림 SMS 상품 옵션 사이즈 - [필수] 옵"
28569,클래식 아가일 브이넥 니트 조끼,니트/가디건,니트,24000,,,55-88,어깨좁음,허리라인보정,클래식;데일리;오피스룩,여름,기본,반팔,블랙;화이트;베이지;그레이,4050,슬랙스;데님;스커트;니트,"미샵 - 클래식 아가일 브이넥 니트 조끼 (3 color) 클래식 아가일 브이넥 니트 조끼 (3 color) (해외배송 가능상품) ( 건) 클래식 아가일 브이넥 니트 조끼 (3 color) 25,800원 24,000원 남은시간 2일 11:13:07 (1,800원 할인) 2026-03-13 12:00 ~ 2026-03-16 12:00 240원 (1%) 재입고 알림 SMS 상품 옵션 컬러 - ["
27229,골디 버튼 블라우스 자켓,아우터,자켓,61900,폴리에스터95% 스판5% 혼용 소재입니다 / 스판5% 혼용 소재입니다,,55-88,어깨좁음,허리라인보정,데일리,봄;여름,기본,긴팔,블랙;베이지;네이비,4050,슬랙스;데님;스커트,"미샵 - 골디 버튼 블라우스 자켓 (3 color) 골디 버튼 블라우스 자켓 (3 color) (해외배송 가능상품) ( 건) 골디 버튼 블라우스 자켓 (3 color) 68,800원 61,900원 남은시간 3일 11:13:06 (6,900원 할인) 2026-03-13 12:00 ~ 2026-03-17 12:00 610원 (1%) 재입고 알림 SMS 상품 옵션 컬러 - [필수] 옵션을 선택해"
28570,60수 고밀도 고인찌 포인트 셔츠,블라우스/셔츠,셔츠,44800,면 100% 원단을 사용했습니다,세미루즈,44-88,어깨좁음,뱃살커버;허리라인보정,데일리;오피스룩,,기본,긴팔,화이트;네이비,4050,슬랙스;데님;스커트,"미샵 - 60수 고밀도 고인찌 포인트 셔츠 (3 color) 60수 고밀도 고인찌 포인트 셔츠 (3 color) (해외배송 가능상품) ( 건) 60수 고밀도 고인찌 포인트 셔츠 (3 color) 49,800원 44,800원 남은시간 3일 11:13:04 (5,000원 할인) 2026-03-13 12:00 ~ 2026-03-17 12:00 440원 (1%) 재입고 알림 SMS 상품 옵션 컬러"
26117,딥브이 루즈핏 니트 조끼,니트/가디건,니트,35200,,루즈핏,55-88,어깨좁음;하체통통,힙커버;허리라인보정,클래식;데일리;오피스룩,봄;여름;가을,기본,긴팔,블랙;네이비;소라,4050,데님;니트,"미샵 - 딥브이 루즈핏 니트 조끼 (4 color) 딥브이 루즈핏 니트 조끼 (4 color) (해외배송 가능상품) ( 건) 딥브이 루즈핏 니트 조끼 (4 color) 37,800원 35,200원 남은시간 2일 11:13:02 (2,600원 할인) 2026-03-13 12:00 ~ 2026-03-16 12:00 350원 (1%) 재입고 알림 SMS 상품 옵션 컬러 - [필수] 옵션을 선택해"
27153,루나 골드 버튼 맨투맨,티셔츠,티셔츠,34900,코튼100% 소재입니다,,55-88,어깨좁음,,클래식;데일리,봄;가을;간절기,기본,긴팔,,4050,슬랙스;데님,"미샵 - 루나 골드 버튼 맨투맨 (3 color) 루나 골드 버튼 맨투맨 (3 color) (해외배송 가능상품) ( 건) 루나 골드 버튼 맨투맨 (3 color) 37,500원 34,900원 남은시간 2일 11:13:01 (2,600원 할인) 2026-03-13 12:00 ~ 2026-03-16 12:00 340원 (1%) 재입고 알림 SMS 상품 옵션 컬러 - [필수] 옵션을 선택해 주세요"
26684,리치몬드 레터링 루즈핏 맨투맨,티셔츠,티셔츠,27700,코튼100% 소재입니다,루즈핏,55-88,어깨좁음,허리라인보정,페미닌;데일리,봄;가을;간절기,기본,긴팔,네이비,4050,데님;스커트,"미샵 - 리치몬드 레터링 루즈핏 맨투맨 (2 color) 리치몬드 레터링 루즈핏 맨투맨 (2 color) (해외배송 가능상품) ( 건) 리치몬드 레터링 루즈핏 맨투맨 (2 color) 29,800원 27,700원 남은시간 2일 11:12:59 (2,100원 할인) 2026-03-13 12:00 ~ 2026-03-16 12:00 270원 (1%) 재입고 알림 SMS 상품 옵션 컬러 - [필수]"
25904,모노 세미 오버핏 셔츠,블라우스/셔츠,셔츠,25600,코튼100% 소재입니다,오버핏,55-88,어깨좁음;하체통통,허리라인보정,데일리,,기본,긴팔,블랙;화이트;베이지;그레이,4050,데님,"미샵 - 모노 세미 오버핏 셔츠 (3 color) 모노 세미 오버핏 셔츠 (3 color) (해외배송 가능상품) ( 건) 모노 세미 오버핏 셔츠 (3 color) 27,500원 25,600원 남은시간 2일 11:12:58 (1,900원 할인) 2026-03-13 12:00 ~ 2026-03-16 12:00 250원 (1%) 재입고 알림 SMS 상품 옵션 컬러 - [필수] 옵션을 선택해 주세요"
24711,레어 플레어 스커트,원피스/스커트,스커트,40500,,,55-88,복부체형,허리라인보정,페미닌;데일리,,크롭,긴팔,블랙;베이지,4050,데님;스커트,"미샵 - 레어 플레어 스커트 (2 color) 레어 플레어 스커트 (2 color) (해외배송 가능상품) ( 건) 레어 플레어 스커트 (2 color) 43,500원 40,500원 남은시간 2일 11:12:56 (3,000원 할인) 2026-03-13 12:00 ~ 2026-03-16 12:00 400원 (1%) 재입고 알림 SMS 상품 옵션 컬러 - [필수] 옵션을 선택해 주세요 - ---"
23474,와이드 캡 모자,,,22100,,,55-88,하체통통,,클래식;데일리,여름,기본,긴팔,블랙;베이지,4050,데님,【솔리드 원단으로 재입고】
28584,에센셜 체인 쉬폰 롱 스카프,,,14200,,,55-88,4050 여성 일반체형,허리라인보정,데일리;학모룩,겨울,롱,긴팔,블랙;아이보리,4050,데님,"미샵 - 에센셜 체인 쉬폰 롱 스카프 (2 color) 에센셜 체인 쉬폰 롱 스카프 (2 color) (해외배송 가능상품) ( 건) 에센셜 체인 쉬폰 롱 스카프 (2 color) 15,800원 14,200원 남은시간 3일 11:12:53 (1,600원 할인) 2026-03-13 12:00 ~ 2026-03-17 12:00 140원 (1%) 재입고 알림 SMS 상품 옵션 컬러 - [필수] 옵션"
28567,안느 레이스 리본 가디건,니트/가디건,가디건,32100,울7% 혼용 니트로,루즈핏,55-88,어깨좁음,허리라인보정,데일리;오피스룩,봄;가을;겨울,기본,긴팔,아이보리;베이지;그레이,4050,슬랙스;데님;스커트;니트,"미샵 - 안느 레이스 리본 가디건 (3 color) 안느 레이스 리본 가디건 (3 color) (해외배송 가능상품) ( 건) 안느 레이스 리본 가디건 (3 color) 34,500원 32,100원 남은시간 2일 11:12:51 (2,400원 할인) 2026-03-13 12:00 ~ 2026-03-16 12:00 320원 (1%) 재입고 알림 SMS 상품 옵션 컬러 - [필수] 옵션을 선택해"
26688,3타입 일자 와이드 코튼 팬츠,팬츠,팬츠,30200,코튼100% 소재로 만듭니다 / 코튼100% 소재로 늘어짐 없이 깨끗한 핏을 연출합니다,,44-88,복부체형;하체통통,힙커버,데일리,가을,롱,긴팔,블랙;화이트;베이지,4050,슬랙스;데님,"미샵 - 3타입 일자 와이드 코튼 팬츠 (3 color) 3타입 일자 와이드 코튼 팬츠 (3 color) (해외배송 가능상품) ( 건) 3타입 일자 와이드 코튼 팬츠 (3 color) 32,500원 30,200원 남은시간 2일 11:12:50 (2,300원 할인) 2026-03-13 12:00 ~ 2026-03-16 12:00 300원 (1%) 재입고 알림 SMS 상품 옵션 컬러 - [필수]"
28565,시어 도트 레이어드 블라우스,블라우스/셔츠,블라우스,44800,폴리에스터100% 소재입니다,,44-88,어깨좁음;팔뚝통통,팔뚝커버;허리라인보정,클래식;페미닌;데일리,,기본,긴팔,블랙;아이보리,4050,데님;니트,"미샵 - 시어 도트 레이어드 블라우스 (2 color) 시어 도트 레이어드 블라우스 (2 color) (해외배송 가능상품) ( 건) 시어 도트 레이어드 블라우스 (2 color) 49,800원 44,800원 남은시간 3일 11:12:48 (5,000원 할인) 2026-03-13 12:00 ~ 2026-03-17 12:00 440원 (1%) 재입고 알림 SMS 상품 옵션 컬러 - [필수] 옵션"
28564,모던 에디션 노카라 트위드 자켓,아우터,자켓,80800,,,55-88,어깨좁음;복부체형,뱃살커버;허리라인보정,클래식;페미닌;데일리;학모룩,봄;가을,기본,긴팔,블랙;화이트;네이비,4050,데님,"미샵 - 모던 에디션 노카라 트위드 자켓 (2 color) 모던 에디션 노카라 트위드 자켓 (2 color) (해외배송 가능상품) ( 건) 모던 에디션 노카라 트위드 자켓 (2 color) 89,800원 80,800원 남은시간 3일 11:12:46 (9,000원 할인) 2026-03-13 12:00 ~ 2026-03-17 12:00 800원 (1%) 재입고 알림 SMS 상품 옵션 컬러 - ["
24697,슬라브 루즈핏 티셔츠,블라우스/셔츠,셔츠,27700,,루즈핏,44-88,어깨좁음,허리라인보정,데일리,,기본,긴팔,블랙;베이지;그레이,4050,데님,"미샵 - 슬라브 루즈핏 티셔츠 (4 color) 슬라브 루즈핏 티셔츠 (4 color) (해외배송 가능상품) ( 건) 슬라브 루즈핏 티셔츠 (4 color) 29,800원 27,700원 남은시간 2일 11:12:45 (2,100원 할인) 2026-03-13 12:00 ~ 2026-03-16 12:00 270원 (1%) 재입고 알림 SMS 상품 옵션 컬러 - [필수] 옵션을 선택해 주세요 -"
26692,러비 잔체크 셔츠,블라우스/셔츠,셔츠,27400,코튼100% 소재입니다,오버핏,55-88,어깨좁음,,클래식;데일리,여름;가을;겨울,기본,긴팔,블랙;베이지;브라운,4050,슬랙스;데님;스커트,★ 제작 상의 53 ★
28566,세르 레이스 플리츠 스커트,원피스/스커트,스커트,56200,,,55-88,복부체형;하체통통,뱃살커버;힙커버;허리라인보정,클래식;데일리;모임룩,,기본,긴팔,블랙;화이트;네이비,4050,데님;스커트;니트,"미샵 - 세르 레이스 플리츠 스커트 (2 color) 세르 레이스 플리츠 스커트 (2 color) (해외배송 가능상품) ( 건) 세르 레이스 플리츠 스커트 (2 color) 62,500원 56,200원 남은시간 3일 11:12:42 (6,300원 할인) 2026-03-13 12:00 ~ 2026-03-17 12:00 560원 (1%) 재입고 알림 SMS 상품 옵션 컬러 - [필수] 옵션을 선"
26069,N. 멜르 브이 니트,니트/가디건,니트,34200,,,55-88,어깨좁음,뱃살커버;허리라인보정,데일리,봄;겨울,기본,긴팔,블랙;베이지;핑크,4050,데님;스커트;니트,"미샵 - N. 멜르 브이 니트 (4 color) N. 멜르 브이 니트 (4 color) (해외배송 가능상품) ( 건) N. 멜르 브이 니트 (4 color) 36,800원 34,200원 남은시간 2일 11:12:40 (2,600원 할인) 2026-03-13 12:00 ~ 2026-03-16 12:00 340원 (1%) 재입고 알림 SMS 상품 옵션 컬러 - [필수] 옵션을 선택해 주세요 -"
25919,아모르 레터링 후드 맨투맨,아우터,점퍼,35800,코튼100% 소재입니다,,55-88,어깨좁음,,페미닌;데일리,겨울,기본,긴팔,블랙;베이지,4050,데님;스커트,"미샵 - 아모르 레터링 후드 맨투맨 (3 color) 아모르 레터링 후드 맨투맨 (3 color) (해외배송 가능상품) ( 건) 아모르 레터링 후드 맨투맨 (3 color) 38,500원 35,800원 남은시간 2일 11:12:39 (2,700원 할인) 2026-03-13 12:00 ~ 2026-03-16 12:00 350원 (1%) 재입고 알림 SMS 상품 옵션 컬러 - [필수] 옵션을 선"
25926,시엔느 벌룬 집업 가디건,니트/가디건,가디건,39500,비스코스50% 폴리,,44-88,어깨좁음,허리라인보정,데일리,봄;가을;겨울,기본,긴팔,블랙;베이지;그레이,4050,슬랙스;데님;스커트;원피스,"미샵 - 시엔느 벌룬 집업 가디건 (4 color) 시엔느 벌룬 집업 가디건 (4 color) (해외배송 가능상품) ( 건) 시엔느 벌룬 집업 가디건 (4 color) 42,500원 39,500원 남은시간 2일 11:12:37 (3,000원 할인) 2026-03-13 12:00 ~ 2026-03-16 12:00 390원 (1%) 재입고 알림 SMS 상품 옵션 컬러 - [필수] 옵션을 선택해"
26662,하프 노멀 데님 자켓,아우터,자켓,39500,코튼100% 데님 소재입니다,,55-88,어깨좁음;하체통통,힙커버,데일리,봄;가을;겨울,하프,긴팔,화이트,4050,슬랙스;데님;스커트;원피스,"【3,000장 돌파/문의쇄도 재제작】"
28561,라벨르 트임 긴팔 맨투맨 / 사이즈별,티셔츠,티셔츠,27700,,,FREE,어깨좁음;팔뚝통통;복부체형,팔뚝커버;뱃살커버;허리라인보정,페미닌;데일리;오피스룩;모임룩,,크롭,긴팔,블랙;그레이,4050,슬랙스;데님;스커트,【L제작/뱃살걱정없는 슬림 맨투맨】
27361,N.클래식 밴딩 테이퍼드 데님,팬츠,데님,50700,코튼97% 스판3% 혼용 데님 원단입니다 / 스판3% 혼용 데님 원단입니다,,55-88,복부체형;하체통통,힙커버,클래식;데일리,,기본,긴팔,,4050,데님;니트,【 USA 고품질의 링사의 멀티 슬럽】
28559,르네 클래식 라운드 자켓 / 사이즈별,아우터,자켓,115600,폴리에스터 92% / 레이온 4% / 스판 4%의 최적화된 혼용률로 제작되어,세미루즈,55-88,어깨좁음,허리라인보정,클래식;데일리;오피스룩;학모룩,겨울,롱,긴팔,블랙;네이비,4050,슬랙스;데님;스커트;원피스,【브랜드 공정 그대로/사이즈별 】
28560,소담 볼륨 히든 블라우스,블라우스/셔츠,블라우스,38200,폴리에스터95%와 스판5% 혼용입니다 / 스판5% 혼용입니다,정핏,55-88,어깨좁음;팔뚝통통;복부체형,팔뚝커버;허리라인보정,데일리;오피스룩,,기본,긴팔,아이보리,4050,슬랙스;데님;스커트,"미샵 - 소담 볼륨 히든 블라우스 (2 color) 소담 볼륨 히든 블라우스 (2 color) (해외배송 가능상품) ( 건) 소담 볼륨 히든 블라우스 (2 color) 42,500원 38,200원 남은시간 3일 11:12:29 (4,300원 할인) 2026-03-13 12:00 ~ 2026-03-17 12:00 380원 (1%) 재입고 알림 SMS 상품 옵션 컬러 - [필수] 옵션을 선택해"
28562,매그 S 653 슬랙스,팬츠,슬랙스,41200,폴리에스터 92%와 스판 8%의 황금 비율로 제작되었습니다 / 폴리에스터92%와 스판8%의 황금 비율로 제작되었습니다 / 스판 8%의 황금 비율로 제작되었습니다 / 스판8%의 황금 비율로 제작되었습니다,,55-88,복부체형;하체통통,뱃살커버;힙커버;허리라인보정,데일리;오피스룩,겨울,기본,긴팔,블랙;베이지,4050,슬랙스;데님;니트,"미샵 - 매그 S 653 슬랙스 (3 color) 매그 S 653 슬랙스 (3 color) (해외배송 가능상품) ( 건) 매그 S 653 슬랙스 (3 color) 45,800원 41,200원 남은시간 3일 11:12:27 (4,600원 할인) 2026-03-13 12:00 ~ 2026-03-17 12:00 410원 (1%) 재입고 알림 SMS 상품 옵션 컬러 - [필수] 옵션을 선택해 주세요"
24194,벤 플랩 사파리,아우터,점퍼,64600,,,44-88,어깨좁음;복부체형,힙커버,클래식;페미닌;데일리,봄;가을;겨울,하프,긴팔,블랙;베이지,4050,데님,"미샵 - 벤 플랩 사파리 (2 color) 벤 플랩 사파리 (2 color) (해외배송 가능상품) ( 건) 벤 플랩 사파리 (2 color) 69,500원 64,600원 남은시간 2일 11:12:25 (4,900원 할인) 2026-03-13 12:00 ~ 2026-03-16 12:00 640원 (1%) 재입고 알림 SMS 상품 옵션 컬러 - [필수] 옵션을 선택해 주세요 - ---------"
27980,아이랜드 레터링 맨투맨,티셔츠,티셔츠,30200,코튼80% 폴리에스터20% 혼용 소재입니다 / 폴리에스터20% 혼용 소재입니다,,55-88,어깨좁음,허리라인보정,데일리,,크롭,긴팔,그레이,4050,슬랙스;데님;스커트,【간절기 딱 맞는 쭈리코튼】
27212,집업 카라 배색 가디건,니트/가디건,가디건,36700,폴리에스터30% 나일론 혼용 니트입니다 / 레이온50% 폴리에스터30% 나일론 혼용 니트입니다,정핏,55-88,어깨좁음,허리라인보정,클래식;데일리;오피스룩,봄;가을;겨울,기본,긴팔,화이트;아이보리;네이비,4050,슬랙스;데님;스커트;니트,"미샵 - 집업 카라 배색 가디건 (2 color) 집업 카라 배색 가디건 (2 color) (해외배송 가능상품) ( 건) 집업 카라 배색 가디건 (2 color) 39,500원 36,700원 남은시간 2일 11:12:22 (2,800원 할인) 2026-03-13 12:00 ~ 2026-03-16 12:00 360원 (1%) 재입고 알림 SMS 상품 옵션 컬러 - [필수] 옵션을 선택해 주세요"
26119,모던 배색 트윌리,,,11900,,,55-88,4050 여성 일반체형,,데일리,,기본,긴팔,아이보리;베이지;핑크;네이비,4050,데님,"미샵 - 모던 배색 트윌리 (4 color) 모던 배색 트윌리 (4 color) (해외배송 가능상품) ( 건) 모던 배색 트윌리 (4 color) 12,800원 11,900원 남은시간 2일 11:12:21 (900원 할인) 2026-03-13 12:00 ~ 2026-03-16 12:00 110원 (1%) 재입고 알림 SMS 상품 옵션 컬러 - [필수] 옵션을 선택해 주세요 - --------"
26745,소프트 웜톤 루즈핏 맨투맨,티셔츠,티셔츠,39800,코튼54% 폴리에스터,루즈핏,44-88,어깨좁음;하체통통,뱃살커버,데일리;오피스룩,봄;가을;겨울,기본,긴팔,블랙;아이보리;베이지;그레이,4050,슬랙스;데님;스커트;니트,"★ 제작 상의 52 ★ 【,1000장 판매 돌파】"
28555,슬로우 브이넥 반팔 니트,니트/가디건,니트,26800,,루즈핏,55-88,어깨좁음;팔뚝통통;복부체형,팔뚝커버;뱃살커버;허리라인보정,데일리;오피스룩,봄;여름;가을,기본,반팔,블랙;베이지;소라,4050,데님;스커트;니트,"미샵 - 슬로우 브이넥 반팔 니트 (3 color) 슬로우 브이넥 반팔 니트 (3 color) (해외배송 가능상품) ( 건) 슬로우 브이넥 반팔 니트 (3 color) 26,800원 260원 (1%) 재입고 알림 SMS 상품 옵션 컬러 - [필수] 옵션을 선택해 주세요 - ------------------- 오트베이지 소라 블랙 옵션선택 상품 목록 상품명 상품수 가격 슬로우 브이넥 반팔 니트"
28556,모던 리프레시 고밀도 셔츠,블라우스/셔츠,셔츠,52600,코튼100% 소재로 차원이 다른 퀄리티를 보여줍니다,루즈핏,55-88,어깨좁음,허리라인보정,클래식;데일리;오피스룩,,기본,긴팔,핑크,4050,슬랙스;데님,【국내 고퀄/고밀도 50수】
24735,N. 소프트 부클 트위드 자켓,아우터,자켓,106600,울30% 함유의 아주 부드럽고 유연한 터치감이며,,55-88,어깨좁음,,클래식;페미닌;데일리,봄;가을;겨울,기본,긴팔,블랙;베이지,4050,데님,【울30 / 브랜드납품 원단 그대로】
28125,소프트 아방핏 체크 셔츠,블라우스/셔츠,셔츠,48800,코튼100% 소재이며,,44-88,어깨좁음,,클래식;데일리,봄;가을,기본,긴팔,블랙,4050,데님;니트,"미샵 - 소프트 아방핏 체크 셔츠 (2 color) 소프트 아방핏 체크 셔츠 (2 color) (해외배송 가능상품) ( 건) 소프트 아방핏 체크 셔츠 (2 color) 48,800원 480원 (1%) 재입고 알림 SMS 상품 옵션 컬러 - [필수] 옵션을 선택해 주세요 - ------------------- 레드 블랙 옵션선택 상품 목록 상품명 상품수 가격 소프트 아방핏 체크 셔츠 (2 co"
23491,매그 S 489 슬랙스,팬츠,슬랙스,42500,,,55-88,복부체형;하체통통,힙커버;허리라인보정,페미닌;데일리,가을,롱,긴팔,블랙;베이지,4050,슬랙스;데님,"★SS제작 팬츠 153★ 【하루종일 새바지, 체형커버 완벽핏】"
28557,N. 모리 캐시미어 라운드 가디건,니트/가디건,가디건,46800,울55% 혼용의 니트입니다,,55-88,어깨좁음,팔뚝커버,데일리;오피스룩,봄;가을;겨울,기본,긴팔,아이보리;그레이,4050,슬랙스;데님;스커트;니트,【캐시미어5 + 파인울55】
28553,굿모닝 스누피 잠옷 홈웨어 팬츠 / 사이즈별,팬츠,팬츠,12800,폴리에스터95% 스판5% 혼용 소재입니다 / 스판5% 혼용 소재입니다,,FREE,복부체형;하체통통,뱃살커버;힙커버;허리라인보정,데일리,겨울,기본,긴팔,핑크,4050,데님,"미샵 - 굿모닝 스누피 잠옷 홈웨어 팬츠 (3 color) / 사이즈별 굿모닝 스누피 잠옷 홈웨어 팬츠 (3 color) / 사이즈별 (해외배송 가능상품) ( 건) 굿모닝 스누피 잠옷 홈웨어 팬츠 (3 color) / 사이즈별 12,800원 120원 (1%) 재입고 알림 SMS 상품 옵션 컬러 - [필수] 옵션을 선택해 주세요 - ------------------- 1핑크 2퍼플 3블루 사이"
27279,도트 코튼 스카프,,,12800,,,55-88,4050 여성 일반체형,,데일리,,기본,긴팔,블랙;화이트,4050,데님,"미샵 - 도트 코튼 스카프 (4 color) 도트 코튼 스카프 (4 color) (해외배송 가능상품) ( 건) 도트 코튼 스카프 (4 color) 12,800원 120원 (1%) 재입고 알림 SMS 상품 옵션 컬러 - [필수] 옵션을 선택해 주세요 - ------------------- 화이트 라이트 옐로우 레드 블랙 옵션선택 상품 목록 상품명 상품수 가격 도트 코튼 스카프 (4 color)"
28552,군살 커버 루즈핏 후드 점퍼,아우터,점퍼,68500,폴리100%로 꼼꼼하게 처리되어 이너와의 마찰 없이 부드럽게 착용되며,루즈핏,55-88,어깨좁음,뱃살커버;허리라인보정,데일리,봄;가을;간절기,롱,긴팔,블랙;베이지,4050,슬랙스;데님;스커트,"미샵 - 군살 커버 루즈핏 후드 점퍼 (2 color) 군살 커버 루즈핏 후드 점퍼 (2 color) (해외배송 가능상품) ( 건) 군살 커버 루즈핏 후드 점퍼 (2 color) 68,500원 680원 (1%) 재입고 알림 SMS 상품 옵션 컬러 - [필수] 옵션을 선택해 주세요 - ------------------- 연베이지 블랙 옵션선택 상품 목록 상품명 상품수 가격 군살 커버 루즈핏 후"
27439,베라 S 235 데님,팬츠,데님,52500,코튼97% 스판3% 혼용 소재입니다 / 스판3% 혼용 소재입니다 / 스판3% 혼용으로 착용감이 매우 편안합니다,,44-88,복부체형;하체통통,힙커버,클래식;데일리,여름;겨울,기본,긴팔,그레이,4050,데님,★SS제작 팬츠 153★ 【클래식 데님의 정석!】
28551,베이 밴딩 긴팔 원피스,원피스/스커트,원피스,62500,,,55-88,어깨좁음;복부체형,뱃살커버;허리라인보정,클래식;데일리;오피스룩;학모룩,봄,기본,긴팔,블랙;브라운,4050,데님;원피스,"미샵 - 베이 밴딩 긴팔 원피스 (2 color) 베이 밴딩 긴팔 원피스 (2 color) (해외배송 가능상품) ( 건) 베이 밴딩 긴팔 원피스 (2 color) 62,500원 620원 (1%) 재입고 알림 SMS 상품 옵션 컬러 - [필수] 옵션을 선택해 주세요 - ------------------- 브라운 블랙 옵션선택 상품 목록 상품명 상품수 가격 베이 밴딩 긴팔 원피스 (2 color"
26952,스톤 분또 스트라이프 맨투맨,티셔츠,티셔츠,38800,코튼96% 스판4% 혼용 소재입니다 / 스판4% 혼용 소재입니다,,44-88,어깨좁음,허리라인보정,데일리;오피스룩,겨울,기본,긴팔,블랙;아이보리;베이지,4050,슬랙스;데님;니트,【밀도있는 고급원단/끝라인은 니트지】
27308,(기획) 모던 셔츠 니트 조끼 세트,니트/가디건,니트,34500,코튼80% 폴리에스터20% 혼용 소재입니다 / 폴리에스터20% 혼용 소재입니다 / 폴리에스터80% 아크릴20% 혼용 소재입니다,,55-88,어깨좁음;하체통통,,클래식;페미닌;데일리,,기본,긴팔,블랙;네이비,4050,슬랙스;데님;스커트;니트,【세트기획가/셔츠+조끼/국내생산】
28096,F. 머드 페미닌 밴딩 훌 스커트,원피스/스커트,스커트,43800,폴리에스터100% 소재입니다,,FREE,복부체형;하체통통,힙커버;허리라인보정,클래식;페미닌;데일리,봄;여름,기본,긴팔,블랙;베이지,4050,데님;스커트,"미샵 - F. 머드 페미닌 밴딩 훌 스커트 (2 color) F. 머드 페미닌 밴딩 훌 스커트 (2 color) (해외배송 가능상품) ( 건) F. 머드 페미닌 밴딩 훌 스커트 (2 color) 43,800원 430원 (1%) 재입고 알림 SMS 상품 옵션 컬러 - [필수] 옵션을 선택해 주세요 - ------------------- 베이지 블랙 옵션선택 상품 목록 상품명 상품수 가격 F."
26769,소프트 에코 레더 셔츠 자켓,아우터,자켓,61600,,오버핏,55-88,어깨좁음,,데일리,봄,기본,긴팔,블랙;베이지,4050,데님;원피스,"미샵 - 소프트 에코 레더 셔츠 자켓 (2 color) 소프트 에코 레더 셔츠 자켓 (2 color) (해외배송 가능상품) ( 건) 소프트 에코 레더 셔츠 자켓 (2 color) 68,500원 61,600원 남은시간 3일 11:11:55 (6,900원 할인) 2026-03-13 12:00 ~ 2026-03-17 12:00 610원 (1%) 재입고 알림 SMS 상품 옵션 컬러 - [필수] 옵션"
21636,던 5부 라운드 니트,니트/가디건,니트,26800,,,FREE,어깨좁음,,클래식;데일리,봄;가을;겨울,크롭,긴팔,블랙;아이보리;베이지;그레이;네이비,4050,데님;스커트;니트,~ 【아기옷처럼 보들보들 촉감】
28052,소프트 레더 조끼&가방 세트,,,49500,,세미루즈,55-88,어깨좁음,,데일리,겨울,기본,긴팔,블랙;베이지,4050,데님;니트,【소프트 레더 조끼+데일리bag】
28563,로우 블록힐 메리제인 슈즈,,,52800,,,55-88,4050 여성 일반체형,,클래식;데일리;모임룩,겨울,기본,긴팔,,4050,데님,【5.5cm 굽의 키높이 효과】
28540,미샵 뮤즈 슬리밍 티셔츠 _ 1 / 사이즈별,블라우스/셔츠,셔츠,29200,면35%와 폴리에스터58%를 혼방하여 면 특유의 쾌적함은 살리되 / 폴리에스터58%를 혼방하여 면 특유의 쾌적함은 살리되,,FREE,어깨좁음;복부체형,뱃살커버;허리라인보정,데일리;오피스룩,,롱,긴팔,블랙;아이보리,4050,슬랙스;데님;스커트,★ 제작 상의 51 ★ 【슬림 티셔츠 시리즈_1】
27971,베라 F 173 데님,팬츠,데님,52800,코튼67% 폴리에스터 / 스판3% 혼용으로 골반과 다리라인 편안하게! [이렇게 활용하세요] 같은 데님이더라도 포멀한 라인의 옷들과도 매치가 좋고,,FREE,복부체형;하체통통,힙커버;허리라인보정,클래식;데일리;오피스룩,봄;가을;간절기,롱,긴팔,,4050,슬랙스;데님,★ SS제작 팬츠 152 ★
28547,잔잔 브이넥 스트라이프 맨투맨,티셔츠,티셔츠,34500,면 100% 소재를 사용했습니다,루즈핏,55-88,어깨좁음;팔뚝통통;복부체형,팔뚝커버;뱃살커버;허리라인보정,데일리,봄;가을;겨울,기본,긴팔,블랙;화이트;아이보리;베이지,4050,슬랙스;데님,"미샵 - 잔잔 브이넥 스트라이프 맨투맨 (2 color) 잔잔 브이넥 스트라이프 맨투맨 (2 color) (해외배송 가능상품) ( 건) 잔잔 브이넥 스트라이프 맨투맨 (2 color) 34,500원 340원 (1%) 재입고 알림 SMS 상품 옵션 컬러 - [필수] 옵션을 선택해 주세요 - ------------------- 아이보리 블랙 옵션선택 상품 목록 상품명 상품수 가격 잔잔 브이넥 스"
28546,무드 드레이프 홀가먼트 조끼,,,59800,울 100% 소재 특유의 탄탄하면서도 부드러운 질감이 브이넥 라인을 따라 우아하게 흐르는 것이 특징입니다 / 울100% 원사를 사용했습니다,,55-88,어깨좁음;팔뚝통통;하체통통,팔뚝커버;힙커버;허리라인보정,클래식;데일리,봄;가을;겨울,기본,긴팔,베이지;브라운,4050,슬랙스;데님;스커트;니트,【울100%의 고급 홀가먼트】
26809,N. 소프트 라운드 레더 자켓,아우터,자켓,65500,,,44-88,어깨좁음,,데일리,봄;가을;겨울,기본,긴팔,블랙,4050,슬랙스;데님;스커트,"미샵 - N. 소프트 라운드 레더 자켓 (2 color) N. 소프트 라운드 레더 자켓 (2 color) (해외배송 가능상품) ( 건) N. 소프트 라운드 레더 자켓 (2 color) 65,500원 650원 (1%) 재입고 알림 SMS 상품 옵션 컬러 - [필수] 옵션을 선택해 주세요 - ------------------- 크림 블랙 옵션선택 상품 목록 상품명 상품수 가격 N. 소프트 라운드"
28545,단정핏 배색 카라 니트,니트/가디건,니트,26800,비스코스20%가 혼방되어 피부에 닿는 감촉이 부드럽고 은은한 광택감을 주어 고급스러움을 더하며,정핏,55-88,어깨좁음;복부체형,허리라인보정,클래식;데일리;학모룩,봄,기본,긴팔,아이보리;그레이,4050,슬랙스;데님;스커트;니트,"미샵 - 단정핏 배색 카라 니트 (3 color) 단정핏 배색 카라 니트 (3 color) (해외배송 가능상품) ( 건) 단정핏 배색 카라 니트 (3 color) 26,800원 260원 (1%) 재입고 알림 SMS 상품 옵션 컬러 - [필수] 옵션을 선택해 주세요 - ------------------- 아이보리 옐로우 그레이 옵션선택 상품 목록 상품명 상품수 가격 단정핏 배색 카라 니트 (3"
22096,(기획) 파스텔 코튼 셔츠,블라우스/셔츠,셔츠,25800,코튼 100% 소재입니다,정핏,55-88,어깨좁음,,데일리,봄;가을;겨울,기본,긴팔,화이트;핑크,4050,데님;니트,[동영상] 다양한 스타일링
20889,선데이 울 가디건,니트/가디건,가디건,53500,울60%의 제법 톡톡한 니트로 가터뜨개 타입으로 나름의 두께감을 지니고 있습니다 / 울 60% 혼용으로 보온성이 좋습니다,오버핏,55-88,어깨좁음,힙커버;허리라인보정,데일리;오피스룩,겨울,하프,긴팔,블랙;아이보리;베이지;그레이,4050,데님;니트,【울60】
26138,포멀 하프 라인 레글런 바바리,,,124600,코튼69% 나일론,,55-88,어깨좁음,팔뚝커버;뱃살커버;힙커버;허리라인보정,클래식;데일리;오피스룩,봄;가을;겨울,하프,긴팔,블랙;베이지;그레이;네이비,4050,데님,【브랜드공정/고밀도 바이오코튼】
27376,도트 쉬폰 트윌리,,,15800,,,55-88,4050 여성 일반체형,,데일리,겨울,기본,긴팔,블랙;아이보리,4050,데님,간절기부터 여름까지
27237,클래식 쉐입 스트라이프 셔츠,블라우스/셔츠,셔츠,82500,코튼100% 소재입니다,,55-88,어깨좁음;하체통통,,클래식;데일리,,기본,긴팔,,4050,슬랙스;데님,★ 제작 상의 47 ★ 【3합사 옥스포드 코튼 원단】
28542,소프트 커브 골지 니트,니트/가디건,니트,45500,울24% 혼용으로 부드럽고 따뜻한 감촉을 전합니다,세미루즈,55-88,어깨좁음;하체통통,허리라인보정,클래식;데일리;오피스룩;학모룩,겨울,기본,긴팔,아이보리;베이지;그레이,4050,슬랙스;데님;니트,"미샵 - 소프트 커브 골지 니트 (3 color) 소프트 커브 골지 니트 (3 color) (해외배송 가능상품) ( 건) 소프트 커브 골지 니트 (3 color) 45,500원 450원 (1%) 재입고 알림 SMS 상품 옵션 컬러 - [필수] 옵션을 선택해 주세요 - ------------------- 아이보리 베이지 그레이 옵션선택 상품 목록 상품명 상품수 가격 소프트 커브 골지 니트 (3"
27367,딥 톤 컬러 와이드 코튼 팬츠,팬츠,팬츠,29800,코튼100% 소재입니다,,44-88,복부체형;하체통통,힙커버,데일리,봄;여름;가을,롱,긴팔,블랙;화이트;베이지;그레이;핑크;브라운,4050,데님,【5가지 사이즈 / 2가지 길이 / 6가지 컬러】
26624,모스트 링클프리 라운드 블라우스,블라우스/셔츠,블라우스,34900,,세미루즈,55-88,어깨좁음;팔뚝통통,팔뚝커버;허리라인보정,클래식;데일리;오피스룩;모임룩,봄;여름;가을,기본,긴팔,블랙;화이트;베이지,4050,데님,"【1+1 기획 / 2장에 38,800원】"
26835,코즈 메리노울100% 니트 조끼,니트/가디건,니트,59500,울100% 니트 조끼 (2 color) 코즈 메리노울100% 니트 조끼 (2 color) (해외배송 가능상품) ( 건) 코즈 메리노울100% 니트 조끼 (2 color) 59 / 울100% 니트 조끼 (2 color) 수량증가 수량감소 59500 ( 590 ) 옵션 정보 바로구매 예약주문 SOLD OUT 코즈 메리노울100% 니트 조끼 (2 color) 59 / 울100% 니트 조끼 [이 상품을 초이스한 이유입니다 / 울100% 소재입니다,,55-88,어깨좁음,,클래식;데일리;오피스룩,봄;여름;가을,기본,반팔,블랙;베이지,4050,슬랙스;데님;스커트;니트,【메리노울 100】
28541,슬레이트 본딩 셔츠 점퍼,아우터,점퍼,78500,면 30%와 나일론 70%를 혼방하여 합포 처리한 소재로 / 나일론 70%를 혼방하여 합포 처리한 소재로,루즈핏,55-88,어깨좁음,뱃살커버;허리라인보정,클래식;데일리;오피스룩,여름,기본,긴팔,블랙;화이트;베이지;그레이;카키,4050,슬랙스;데님;스커트,【간절기 면혼방의 합포 안감】
21221,F. 에어 배기 슬랙스,팬츠,슬랙스,35800,,,FREE,복부체형;하체통통,힙커버;허리라인보정,데일리,봄;여름;가을,기본,긴팔,블랙;그레이,4050,슬랙스;데님,★ FW 제작 팬츠 72 ★ F/L 제작
28543,텐더 체크 셔츠_2,블라우스/셔츠,셔츠,25800,,루즈핏,55-88,어깨좁음;하체통통,힙커버,클래식;데일리,,기본,긴팔,베이지;핑크;네이비,4050,데님,【남녀노소 불문한 온가족 체크 셔츠】
25525,메리노울 오픈 크롭 가디건,니트/가디건,가디건,58500,,,44-88,어깨좁음;하체통통,,데일리;오피스룩,봄;가을;겨울,크롭,긴팔,블랙;베이지;핑크,4050,슬랙스;데님;니트,【메리노울 30】
28558,벤 골지 프릴 삭스,,,6500,,,55-88,4050 여성 일반체형,,데일리,,기본,긴팔,블랙;아이보리;브라운,4050,데님,"미샵 - 벤 골지 프릴 삭스 (3 color) 벤 골지 프릴 삭스 (3 color) (해외배송 가능상품) ( 건) 벤 골지 프릴 삭스 (3 color) 6,500원 60원 (1%) 재입고 알림 SMS 상품 옵션 컬러 - [필수] 옵션을 선택해 주세요 - ------------------- 아이보리 브라운 블랙 옵션선택 상품 목록 상품명 상품수 가격 벤 골지 프릴 삭스 (3 color) 수량증"
28538,매그 S 651 슬랙스,팬츠,슬랙스,38200,폴리에스터 92% 스판 8% 혼용 소재로 가볍고 매끄러운 터치감에 텐션이 뛰어납니다 / 폴리에스터 92%와 스판 8% 혼용으로 제작되어 가볍고 매끄러운 터치감에 텐션이 뛰어납니다 / 스판 8% 혼용 소재로 가볍고 매끄러운 터치감에 텐션이 뛰어납니다 / 스판 8% 혼용으로 제작되어 가볍고 매끄러운 터치감에 텐션이 뛰어납니다,,FREE,복부체형;하체통통,뱃살커버;힙커버;허리라인보정,클래식;데일리;오피스룩,봄;가을;겨울,기본,긴팔,블랙;베이지,4050,슬랙스;데님;니트,★ SS제작 팬츠 152 ★
28535,캐빈 집업 니트 조끼,니트/가디건,니트,26800,,정핏,55-88,어깨좁음,허리라인보정,클래식;데일리;오피스룩,겨울,기본,긴팔,화이트;아이보리;그레이;네이비,4050,데님;니트,【3월 넷째주 입고 후 순차배송】
27357,소프트 트위드 아워 글래스 자켓,아우터,자켓,106600,폴리에스터81% 레이온19% 혼용 소재입니다 / 레이온19% 혼용 소재입니다,,55-88,어깨좁음;복부체형,허리라인보정,클래식;페미닌;데일리;오피스룩,,기본,긴팔,블랙;아이보리,4050,슬랙스;데님,"미샵 - 소프트 트위드 아워 글래스 자켓 (2 color) 소프트 트위드 아워 글래스 자켓 (2 color) (해외배송 가능상품) ( 건) 소프트 트위드 아워 글래스 자켓 (2 color) 118,500원 106,600원 남은시간 3일 11:11:13 (11,900원 할인) 2026-03-13 12:00 ~ 2026-03-17 12:00 1,060원 (1%) 재입고 알림 SMS 상품 옵션 컬"
28537,마일드 루즈핏 트임 티셔츠,블라우스/셔츠,셔츠,19800,,루즈핏,55-88,어깨좁음;복부체형;하체통통,뱃살커버;힙커버;허리라인보정,클래식;데일리,겨울,기본,긴팔,블랙;아이보리;소라,4050,슬랙스;데님,【자연스러운 슬림 루즈핏】
28536,피치 루즈핏 후드 야상,아우터,점퍼,87500,,오버핏,55-88,어깨좁음;하체통통,힙커버;허리라인보정,데일리,겨울,기본,긴팔,블랙;베이지;카키,4050,데님;원피스,【코튼 피치 가공의 포근 터치】
26773,리브 베이직 브이 니트,니트/가디건,니트,25500,비스코스 50% 혼용의 니트이며 / 비스코스50% 폴리 혼용 니트입니다,,55-88,어깨좁음,,클래식;데일리;오피스룩,봄;가을;겨울,기본,긴팔,블랙;아이보리;그레이;네이비;브라운,4050,데님;니트,"미샵 - 리브 베이직 브이 니트 (6 color) 리브 베이직 브이 니트 (6 color) (해외배송 가능상품) ( 건) 리브 베이직 브이 니트 (6 color) 25,500원 250원 (1%) 재입고 알림 SMS 상품 옵션 컬러 - [필수] 옵션을 선택해 주세요 - ------------------- 아이보리 라임 연브라운 네이비 그레이 블랙 옵션선택 상품 목록 상품명 상품수 가격 리브 베"
26740,뮤트 패턴 페리 블라우스,블라우스/셔츠,블라우스,49500,,,55-88,어깨좁음,허리라인보정,데일리,봄;가을;간절기,기본,긴팔,블랙;핑크;브라운,4050,슬랙스;데님,★ SS제작 상의 27 ★
24646,빌로 조끼,,,54500,,,55-88,어깨좁음,뱃살커버;허리라인보정,클래식;데일리;오피스룩,봄;가을;겨울,기본,긴팔,블랙;베이지,4050,슬랙스;데님;스커트;원피스,★미샵 SS제작 상의시리즈 51★ [울20%]
28549,데이 미니 바게트백,,,50800,,,55-88,4050 여성 일반체형,,데일리,,기본,긴팔,블랙;아이보리;베이지;핑크,4050,데님,"미샵 - 데이 미니 바게트백 (5 color) 데이 미니 바게트백 (5 color) (해외배송 가능상품) ( 건) 데이 미니 바게트백 (5 color) 50,800원 500원 (1%) 재입고 알림 SMS 상품 옵션 컬러 - [필수] 옵션을 선택해 주세요 - ------------------- 아이보리 라이트옐로우 인디핑크 연베이지 블랙 옵션선택 상품 목록 상품명 상품수 가격 데이 미니 바게트"
23447,리엣 바바리,,,130900,면100%원단이며,,55-88,어깨좁음;복부체형,뱃살커버;허리라인보정,클래식;데일리;오피스룩,봄;가을;겨울,기본,긴팔,베이지;네이비,4050,슬랙스;데님,【고밀도 개버딘코튼/브랜드 그대로 】
28533,브루클린 레터링 루즈핏 맨투맨,티셔츠,티셔츠,49800,면100%의 탄탄하고 매끄러운 원단으로 형태는 안정감 있게 잡아주고,루즈핏,55-88,어깨좁음;복부체형;하체통통,뱃살커버;힙커버,클래식;데일리;오피스룩;모임룩,봄;가을;겨울,기본,긴팔,베이지,4050,슬랙스;데님,"미샵 - 브루클린 레터링 루즈핏 맨투맨 (2 color) 브루클린 레터링 루즈핏 맨투맨 (2 color) (해외배송 가능상품) ( 건) 브루클린 레터링 루즈핏 맨투맨 (2 color) 49,800원 490원 (1%) 재입고 알림 SMS 상품 옵션 컬러 - [필수] 옵션을 선택해 주세요 - ------------------- 연베이지 먹색 옵션선택 상품 목록 상품명 상품수 가격 브루클린 레터링"
28534,로니 와이드 밴딩 핀턱 데님,팬츠,데님,54500,,,55-88,복부체형;하체통통,뱃살커버;힙커버;허리라인보정,데일리;오피스룩;모임룩,봄;여름;가을,기본,긴팔,,4050,데님;니트,【8수링사재직/USA yarn슬럽사퀄리티】
28531,쉐이드 메탈 가디건,니트/가디건,가디건,52600,비스코스48% 메탈4% 나일론,,55-88,어깨좁음;팔뚝통통;복부체형,팔뚝커버;뱃살커버,클래식;데일리,겨울,기본,긴팔,블랙;아이보리;베이지;브라운,4050,슬랙스;데님;스커트;니트,【미세하게 잔잔한 펄사 니트】
24874,포블 라운드 블루종 점퍼,아우터,점퍼,39800,,,55-88,어깨좁음,팔뚝커버;뱃살커버;허리라인보정,클래식;페미닌;데일리;오피스룩,겨울,기본,긴팔,블랙;아이보리;베이지;핑크;카키,4050,데님;원피스,"미샵 - 포블 라운드 블루종 점퍼 (4 color) 포블 라운드 블루종 점퍼 (4 color) (해외배송 가능상품) ( 건) 포블 라운드 블루종 점퍼 (4 color) 39,800원 390원 (1%) 재입고 알림 SMS 상품 옵션 컬러 - [필수] 옵션을 선택해 주세요 - ------------------- 베이지 핑크 카키 블랙 옵션선택 상품 목록 상품명 상품수 가격 포블 라운드 블루종 점"
27278,매그 S 601 슬랙스,팬츠,슬랙스,39500,폴리에스터95% 스판5% 혼용 소재입니다 / 스판5% 혼용 소재입니다,,55-88,복부체형;하체통통,힙커버;허리라인보정,클래식;페미닌;데일리,,기본,긴팔,블랙;베이지,4050,슬랙스;데님,★ SS제작 팬츠 151 ★
28532,모아르 홀가먼트 브이넥 니트,니트/가디건,니트,74500,울60%가 블렌딩되어 포근하면서도 부드러운 촉감이 느껴집니다,세미루즈,55-88,어깨좁음;복부체형,팔뚝커버;뱃살커버;허리라인보정,데일리,겨울,크롭,긴팔,베이지,4050,데님;니트,【캐시미어5+울 / 봉제없는 홀가먼트】
26698,N. 클린 실켓 코튼 티셔츠,블라우스/셔츠,셔츠,23500,,,55-88,어깨좁음,허리라인보정,데일리,봄;가을;간절기,기본,긴팔,블랙;화이트;아이보리;베이지,4050,데님,"미샵 - N. 클린 실켓 코튼 티셔츠 (4 color) N. 클린 실켓 코튼 티셔츠 (4 color) (해외배송 가능상품) ( 건) N. 클린 실켓 코튼 티셔츠 (4 color) 23,500원 230원 (1%) 재입고 알림 SMS 상품 옵션 컬러 - [필수] 옵션을 선택해 주세요 - ------------------- 아이보리 크림 베이지 블랙 옵션선택 상품 목록 상품명 상품수 가격 N. 클"
28529,시애틀 레터링 브이넥 맨투맨,티셔츠,티셔츠,27800,코튼 100% 소재로 제작되어,루즈핏,44-88,어깨좁음;팔뚝통통,팔뚝커버;뱃살커버;허리라인보정,클래식;데일리,겨울,기본,긴팔,그레이;네이비,4050,슬랙스;데님,"미샵 - 시애틀 레터링 브이넥 맨투맨 (2 color) 시애틀 레터링 브이넥 맨투맨 (2 color) (해외배송 가능상품) ( 건) 시애틀 레터링 브이넥 맨투맨 (2 color) 27,800원 270원 (1%) 재입고 알림 SMS 상품 옵션 컬러 - [필수] 옵션을 선택해 주세요 - ------------------- 그레이 네이비 옵션선택 상품 목록 상품명 상품수 가격 시애틀 레터링 브이넥"
25921,피오나 소프트 하프 니트,니트/가디건,니트,28500,비스코스 51%혼용의 니트이며 / 비스코스51% 폴리,,55-88,어깨좁음,팔뚝커버;뱃살커버;힙커버;허리라인보정,클래식;데일리;오피스룩,봄;가을;겨울,하프,긴팔,블랙;아이보리;카키,4050,슬랙스;데님;스커트;니트,"미샵 - 피오나 소프트 하프 니트 (3 color) 피오나 소프트 하프 니트 (3 color) (해외배송 가능상품) ( 건) 피오나 소프트 하프 니트 (3 color) 28,500원 280원 (1%) 재입고 알림 SMS 상품 옵션 컬러 - [필수] 옵션을 선택해 주세요 - ------------------- 아이보리 카키 블랙 옵션선택 상품 목록 상품명 상품수 가격 피오나 소프트 하프 니트"
28527,스파클 헤어리 니트 조끼,니트/가디건,니트,25800,폴리에스터20% 혼방으로 가볍고 유연하면서도 보온성을 충분히 갖춘 소재입니다 / 나일론28% 폴리에스터20% 혼방으로 가볍고 유연하면서도 보온성을 충분히 갖춘 소재입니다,,55-88,어깨좁음,허리라인보정,클래식;데일리;오피스룩,봄;가을;겨울,기본,긴팔,블랙;브라운,4050,슬랙스;데님;스커트;니트,"미샵 - 스파클 헤어리 니트 조끼 (2 color) 스파클 헤어리 니트 조끼 (2 color) (해외배송 가능상품) ( 건) 스파클 헤어리 니트 조끼 (2 color) 25,800원 250원 (1%) 재입고 알림 SMS 상품 옵션 컬러 - [필수] 옵션을 선택해 주세요 - ------------------- 브라운 블랙 옵션선택 상품 목록 상품명 상품수 가격 스파클 헤어리 니트 조끼 (2 c"
27955,2타입 데일리 핏 밸런스 밴딩 팬츠,팬츠,팬츠,19800,코튼35% 폴리에스터65% 혼욘 소재입니다 / 폴리에스터65% 혼욘 소재입니다,,55-88,복부체형;하체통통,뱃살커버;힙커버;허리라인보정,데일리,봄;가을;겨울,롱,긴팔,블랙;그레이,4050,데님;니트,【숏길이/롱길이&사이즈별】
26156,워싱 데님 셔츠 자켓,아우터,자켓,37500,코튼100% 소재입니다,,55-88,어깨좁음,,데일리,봄;여름;겨울,크롭,반팔,블랙,4050,데님,★ SS 제작 상의 28 ★
26863,뮤어 셔츠 믹스 니트,니트/가디건,니트,44800,,,44-88,어깨좁음;하체통통,,데일리,,기본,긴팔,블랙;화이트;베이지;브라운,4050,슬랙스;데님;니트,【화이트셔츠와 니트가 하나로】
28528,오드리 커버 레이어드 원피스,원피스/스커트,원피스,59800,폴리에스터40% 나일론60% 혼방으로 가볍지만 탄탄한 조직감을 지녀 / 나일론60% 혼방으로 가볍지만 탄탄한 조직감을 지녀,,55-88,어깨좁음;복부체형,뱃살커버;허리라인보정,클래식;데일리;학모룩,봄;가을;겨울,기본,긴팔,블랙;브라운,4050,데님;원피스;니트,"미샵 - 오드리 커버 레이어드 원피스 (2 color) 오드리 커버 레이어드 원피스 (2 color) (해외배송 가능상품) ( 건) 오드리 커버 레이어드 원피스 (2 color) 59,800원 590원 (1%) 재입고 알림 SMS 상품 옵션 컬러 - [필수] 옵션을 선택해 주세요 - ------------------- 브라운 블랙 옵션선택 상품 목록 상품명 상품수 가격 오드리 커버 레이어드"
28129,데이지 그린 실크 스카프,,,24800,,,55-88,4050 여성 일반체형,,데일리,,기본,긴팔,,4050,데님,"미샵 - 데이지 그린 실크 스카프 (1 color) 데이지 그린 실크 스카프 (1 color) (해외배송 가능상품) ( 건) 데이지 그린 실크 스카프 (1 color) 24,800원 240원 (1%) 재입고 알림 SMS 상품 옵션 옵션선택 상품 목록 상품명 상품수 가격 데이지 그린 실크 스카프 (1 color) 수량증가 수량감소 24800 ( 240 ) 옵션 정보 바로구매 예약주문 SOLD"
27382,리본 슬링백 미들 스틸레토 슈즈,,,44800,,,44-88,4050 여성 일반체형,,데일리,,기본,긴팔,블랙;베이지,4050,데님,"미샵 - 리본 슬링백 미들 스틸레토 슈즈 (2 color) 리본 슬링백 미들 스틸레토 슈즈 (2 color) (해외배송 가능상품) ( 건) 리본 슬링백 미들 스틸레토 슈즈 (2 color) 49,800원 44,800원 남은시간 3일 11:10:37 (5,000원 할인) 2026-03-13 12:00 ~ 2026-03-17 12:00 440원 (1%) 재입고 알림 SMS 상품 옵션 컬러-사이즈"
27766,케이 미니멀 원석 목걸이,,,18500,,,55-88,4050 여성 일반체형,,데일리,,기본,긴팔,블랙,4050,데님,【사계절 내내】
28523,델리 2온스 본딩 후드 점퍼,아우터,점퍼,74500,면60% 폴리에스터40% 혼방으로 제작된 겉감은 부드러우면서도 적당히 힘이 있어 핏이 흐트러지지 않습니다 / 폴리에스터40% 혼방으로 제작된 겉감은 부드러우면서도 적당히 힘이 있어 핏이 흐트러지지 않습니다,세미루즈,55-88,어깨좁음,뱃살커버;허리라인보정,데일리,봄;가을;겨울,기본,긴팔,블랙;베이지,4050,슬랙스;데님;원피스,"【겉, 밀도있는 코튼 / 안, 2온스 퀼팅】"
28525,매그 S 649 슬랙스,팬츠,슬랙스,39100,폴리 92%와 스판 8% 혼용으로 구김이 거의 생기지 않고 / 폴리에스터92%와 스판8% 혼용으로 구김이 거의 생기지 않고 / 스판 8% 혼용으로 구김이 거의 생기지 않고 / 스판8% 혼용으로 구김이 거의 생기지 않고,,55-88,복부체형;하체통통,뱃살커버;힙커버;허리라인보정,클래식;데일리;오피스룩,겨울,기본,긴팔,블랙;베이지;그레이,4050,슬랙스;데님;니트,★ SS제작 팬츠 149 ★
28522,린다 스트라이프 안감 자켓,아우터,자켓,89500,폴리에스터100% 원단으로 제작되어 전체적인 실루엣이 깔끔하게 유지됩니다,오버핏,55-88,어깨좁음;복부체형,뱃살커버;허리라인보정,클래식;데일리,,기본,긴팔,블랙;아이보리,4050,슬랙스;데님;스커트;니트,"미샵 - 린다 스트라이프 안감 자켓 (3 color) 린다 스트라이프 안감 자켓 (3 color) (해외배송 가능상품) ( 건) 린다 스트라이프 안감 자켓 (3 color) 99,500원 89,500원 남은시간 3일 11:10:30 (10,000원 할인) 2026-03-13 12:00 ~ 2026-03-17 12:00 890원 (1%) 재입고 알림 SMS 상품 옵션 컬러 - [필수] 옵션을"
27966,베니 비스코스 소매 볼륨 가디건,니트/가디건,가디건,32800,비스코스45% 폴리에스터,세미루즈,55-88,어깨좁음;팔뚝통통;하체통통,팔뚝커버,클래식;페미닌;데일리,봄;가을;겨울,기본,긴팔,블랙;베이지,4050,데님;스커트;니트,"미샵 - 베니 비스코스 소매 볼륨 가디건 (2 color) 베니 비스코스 소매 볼륨 가디건 (2 color) (해외배송 가능상품) ( 건) 베니 비스코스 소매 볼륨 가디건 (2 color) 36,500원 32,800원 남은시간 3일 11:10:29 (3,700원 할인) 2026-03-13 12:00 ~ 2026-03-17 12:00 320원 (1%) 재입고 알림 SMS 상품 옵션 컬러 - ["
27968,앤 도트 프릴 긴팔 블라우스,블라우스/셔츠,블라우스,29200,폴리에스터100% 소재입니다,,55-88,어깨좁음,,페미닌;데일리,봄;여름;겨울,기본,긴팔,그레이,4050,슬랙스;데님,"미샵 - 앤 도트 프릴 긴팔 블라우스 (2 color) 앤 도트 프릴 긴팔 블라우스 (2 color) (해외배송 가능상품) ( 건) 앤 도트 프릴 긴팔 블라우스 (2 color) 32,500원 29,200원 남은시간 3일 11:10:27 (3,300원 할인) 2026-03-13 12:00 ~ 2026-03-17 12:00 290원 (1%) 재입고 알림 SMS 상품 옵션 컬러 - [필수] 옵션"
28524,엔젤 레터링 후드 맨투맨,아우터,점퍼,28800,면90%에 폴리에스터10%를 더한 혼방 소재로 / 폴리에스터10%를 더한 혼방 소재로,루즈핏,55-88,어깨좁음;하체통통,뱃살커버;힙커버,페미닌;데일리,겨울,기본,긴팔,블랙;그레이,4050,데님;스커트,"미샵 - 엔젤 레터링 후드 맨투맨 (2 color) 엔젤 레터링 후드 맨투맨 (2 color) (해외배송 가능상품) ( 건) 엔젤 레터링 후드 맨투맨 (2 color) 28,800원 280원 (1%) 재입고 알림 SMS 상품 옵션 컬러 - [필수] 옵션을 선택해 주세요 - ------------------- 옐로우 그레이 옵션선택 상품 목록 상품명 상품수 가격 엔젤 레터링 후드 맨투맨 (2"
25572,러비 홀가먼트 브이넥 니트,니트/가디건,니트,79500,울60% 혼용의 홀가먼트 니트입니다 / 울60% 혼용의 니트입니다 / 나일론35% 혼용으로 내구성을 높여 보풀에 강합니다,,55-88,어깨좁음,,페미닌;데일리,겨울,기본,긴팔,그레이,4050,데님;스커트;니트,【캐시미어5+메리노울60】
25589,소브 골지 레이스 티셔츠,블라우스/셔츠,셔츠,26800,,,55-88,어깨좁음,허리라인보정,데일리,봄;겨울,기본,긴팔,블랙;베이지,4050,데님,"미샵 - 소브 골지 레이스 티셔츠 (3 color) 소브 골지 레이스 티셔츠 (3 color) (해외배송 가능상품) ( 건) 소브 골지 레이스 티셔츠 (3 color) 26,800원 260원 (1%) 재입고 알림 SMS 상품 옵션 컬러 - [필수] 옵션을 선택해 주세요 - ------------------- 블랙 옵션선택 상품 목록 상품명 상품수 가격 소브 골지 레이스 티셔츠 (3 color"
28103,루브 캐시미어 숄 가디건,니트/가디건,가디건,69500,울60% 특유의 따뜻함과 보온성에 / 나일론35%을 더해,,55-88,어깨좁음;하체통통,힙커버;허리라인보정,데일리;오피스룩,봄;가을;겨울,기본,긴팔,블랙;베이지;그레이;카키,4050,데님;니트,【울60+캐시미어5】
28098,포스트 핀 레이스 실크 스카프,,,32800,,,55-88,4050 여성 일반체형,,데일리,,기본,긴팔,,4050,데님,"미샵 - 포스트 핀 레이스 실크 스카프 (1 color) 포스트 핀 레이스 실크 스카프 (1 color) (해외배송 가능상품) ( 건) 포스트 핀 레이스 실크 스카프 (1 color) 32,800원 320원 (1%) 재입고 알림 SMS 상품 옵션 옵션선택 상품 목록 상품명 상품수 가격 포스트 핀 레이스 실크 스카프 (1 color) 수량증가 수량감소 32800 ( 320 ) 옵션 정보 바로구"
25517,N. 울100 가디건 숄,니트/가디건,가디건,34500,,,55-88,4050 여성 일반체형,,데일리,겨울,기본,긴팔,블랙;베이지;그레이;핑크,4050,데님,【울100 / 숄스타일 + 머플러스타일】
25424,루미 실크 스카프,,,14800,,,55-88,4050 여성 일반체형,,데일리,겨울,기본,긴팔,,4050,데님,"미샵 - 루미 실크 스카프 (1 color) 루미 실크 스카프 (1 color) (해외배송 가능상품) ( 건) 루미 실크 스카프 (1 color) 14,800원 140원 (1%) 재입고 알림 SMS 상품 옵션 옵션선택 상품 목록 상품명 상품수 가격 루미 실크 스카프 (1 color) 수량증가 수량감소 14800 ( 140 ) 옵션 정보 바로구매 예약주문 SOLD OUT 루미 실크 스카프 (1"
28516,데이즈 스트라이프 트임 맨투맨,티셔츠,티셔츠,37500,면 100% 쭈리 소재로 제작되어 늘어짐 없이 탄탄한 조직감이 가장 큰 장점입니다,,44-88,어깨좁음;복부체형,뱃살커버;허리라인보정,클래식;데일리,겨울,기본,긴팔,블랙;그레이,4050,슬랙스;데님;스커트,【고급 쭈리코튼 100%】
27174,매그 S 597 슬랙스,팬츠,슬랙스,34600,폴리에스터98% 스판2% 혼용 소재입니다 / 스판2% 혼용 소재입니다,,55-88,복부체형;하체통통,힙커버;허리라인보정,클래식;페미닌;데일리,봄;겨울,기본,긴팔,블랙;베이지,4050,슬랙스;데님,★ SS제작 팬츠 147 ★
28518,2타입 남녀공용 CP쭈리 밴딩 팬츠 / 사이즈별,팬츠,팬츠,27500,코튼35% 폴리에스터65% 혼용 소재입니다 / 폴리에스터65% 혼용 소재입니다,오버핏,55-88,복부체형;하체통통,뱃살커버;힙커버;허리라인보정,클래식;데일리,겨울,롱,긴팔,블랙;그레이;네이비,4050,데님;니트,【365g의 도톰한 고퀄리티 코튼35 】 【패밀리상품_사이즈별/길이별】
28517,S. 브라우니 베이직 반팔 티셔츠,블라우스/셔츠,셔츠,18500,코튼57% 모달38% 스판5% 혼용 소재입니다 / 스판5% 혼용 소재입니다,,44-88,어깨좁음,허리라인보정,클래식;데일리,여름,기본,반팔,블랙;아이보리,4050,데님,【20수코튼57+모달38+스판5】 【베이직일수록 더 깐깐 초이스!】
24720,로렌 타이 블라우스,블라우스/셔츠,블라우스,34600,,,55-88,어깨좁음,,클래식;페미닌;데일리;오피스룩,봄;가을;겨울,기본,긴팔,블랙;화이트;베이지,4050,슬랙스;데님;니트,"미샵 - 로렌 타이 블라우스 (3 color) 로렌 타이 블라우스 (3 color) (해외배송 가능상품) ( 건) 로렌 타이 블라우스 (3 color) 38,500원 34,600원 남은시간 3일 11:10:08 (3,900원 할인) 2026-03-13 12:00 ~ 2026-03-17 12:00 340원 (1%) 재입고 알림 SMS 상품 옵션 컬러 - [필수] 옵션을 선택해 주세요 - ---"
28180,루미 홀가먼트 7부 니트,니트/가디건,니트,65800,울65% 혼용 니트입니다 / 나일론30% 혼용으로 형태안정성이 뛰어나며,,55-88,어깨좁음,허리라인보정,데일리,봄;가을;겨울,기본,긴팔,블랙,4050,슬랙스;데님;니트,【울60+캐시미어5/홀가먼트 여리핏】
28519,남녀공용 CP쭈리 후드 집업 / 사이즈별,아우터,점퍼,38500,코튼35% 폴리에스터65% 혼용 소재입니다 / 폴리에스터65% 혼용 소재입니다,오버핏,55-88,어깨좁음,뱃살커버;허리라인보정,클래식;데일리,겨울,기본,긴팔,블랙;그레이;네이비,4050,데님,【365g의 도톰한 고퀄리티 코튼35 】 【패밀리상품_사이즈별/길이별】
25493,멜르 브이 긴팔 티셔츠,블라우스/셔츠,셔츠,23500,,,55-88,어깨좁음;하체통통,힙커버;허리라인보정,클래식;페미닌;데일리,봄;여름;가을,기본,긴팔,블랙;화이트;아이보리;베이지,4050,데님,【편안하게 부드러움 최고】
27375,말랑 양가죽 리본 로퍼,,,72500,,,55-88,4050 여성 일반체형,,데일리,겨울,기본,긴팔,블랙;브라운,4050,데님,무지외반증 OK / 사계절 내내
28530,벨벳 캐시미어 리버시블 롱 머플러,,,14200,,,55-88,4050 여성 일반체형,허리라인보정,클래식;데일리,봄;가을;겨울,롱,긴팔,베이지;그레이,4050,데님;니트,벨벳 캐시미어 핸들
18420,프리미엄 150D 스타킹,,,13800,,,55-88,4050 여성 일반체형,,데일리,겨울,기본,긴팔,블랙,4050,데님,진심 굿 퀄리티!
28515,카라 믹스 여유핏 티셔츠 / 사이즈별,블라우스/셔츠,셔츠,44800,면100% 소재로 마감해 / 폴리에스터60% / 레이온35% / 스판5% 소재로 군살이나 비침을 신경 쓰지 않고 안정감 있게 입을 수 있습니다,세미루즈,44-88,어깨좁음;하체통통,뱃살커버;힙커버;허리라인보정,클래식;데일리;오피스룩;학모룩,겨울,기본,긴팔,블랙;화이트,4050,슬랙스;데님;니트,【사이즈별/부드러운 코튼 카라】
28514,레버 워싱 와이드 밴딩 데님,팬츠,데님,54800,,,55-88,복부체형;하체통통,뱃살커버;힙커버;허리라인보정,데일리,겨울,기본,긴팔,,4050,데님;니트,【허리 인밴딩/ USA 상급 링코튼】
28513,블룸 코튼 스트라이프 긴팔 티셔츠,블라우스/셔츠,셔츠,29800,코튼 100% 소재로 제작되었습니다,,55-88,어깨좁음,뱃살커버;허리라인보정,클래식;데일리,겨울,기본,긴팔,핑크;브라운,4050,데님,"미샵 - 블룸 코튼 스트라이프 긴팔 티셔츠 (2 color) 블룸 코튼 스트라이프 긴팔 티셔츠 (2 color) (해외배송 가능상품) ( 건) 블룸 코튼 스트라이프 긴팔 티셔츠 (2 color) 29,800원 290원 (1%) 재입고 알림 SMS 상품 옵션 컬러 - [필수] 옵션을 선택해 주세요 - ------------------- 핑크 브라운 옵션선택 상품 목록 상품명 상품수 가격 블룸"
26671,노멀 클래식 테일러드 자켓,아우터,자켓,107800,폴리에스터78% 레이온,오버핏,55-88,어깨좁음,,클래식;데일리,,기본,긴팔,블랙;베이지,4050,데님,"미샵 - 노멀 클래식 테일러드 자켓 (3 color) 노멀 클래식 테일러드 자켓 (3 color) (해외배송 가능상품) ( 건) 노멀 클래식 테일러드 자켓 (3 color) 119,800원 107,800원 남은시간 3일 11:09:52 (12,000원 할인) 2026-03-13 12:00 ~ 2026-03-17 12:00 1,070원 (1%) 재입고 알림 SMS 상품 옵션 컬러 - [필수]"
25433,베이직 분또 긴팔 티셔츠,블라우스/셔츠,셔츠,23500,코튼50% 폴리,,55-88,어깨좁음,허리라인보정,클래식;데일리,봄;여름;가을,기본,긴팔,블랙;아이보리;베이지,4050,데님,"미샵 - 베이직 분또 긴팔 티셔츠 (4 color) 베이직 분또 긴팔 티셔츠 (4 color) (해외배송 가능상품) ( 건) 베이직 분또 긴팔 티셔츠 (4 color) 23,500원 230원 (1%) 재입고 알림 SMS 상품 옵션 컬러 - [필수] 옵션을 선택해 주세요 - ------------------- 아이보리 베이지 차콜 블랙 옵션선택 상품 목록 상품명 상품수 가격 베이직 분또 긴팔"
27343,비엘 브이넥 블라우스,블라우스/셔츠,블라우스,35800,폴리에스터100% 소재입니다,,55-88,어깨좁음,허리라인보정,클래식;데일리;오피스룩,,기본,긴팔,블랙;화이트,4050,슬랙스;데님;스커트,"미샵 - 비엘 브이넥 블라우스 (2 color) 비엘 브이넥 블라우스 (2 color) (해외배송 가능상품) ( 건) 비엘 브이넥 블라우스 (2 color) 39,800원 35,800원 남은시간 3일 11:09:49 (4,000원 할인) 2026-03-13 12:00 ~ 2026-03-17 12:00 350원 (1%) 재입고 알림 SMS 상품 옵션 컬러 - [필수] 옵션을 선택해 주세요 -"
27226,와이드 홀가먼트 브이 니트,니트/가디건,니트,65800,울60% 혼용 니트입니다,세미루즈,44-88,어깨좁음;팔뚝통통;하체통통,팔뚝커버;허리라인보정,클래식;데일리,겨울,기본,긴팔,그레이;핑크,4050,슬랙스;데님;니트,【캐시미어5% 울60% 】
28512,코튼 바이오 밴딩 스커트,원피스/스커트,스커트,43600,코튼 100% 소재로,,55-88,복부체형;하체통통,힙커버;허리라인보정,클래식;데일리;오피스룩,,기본,긴팔,베이지;네이비,4050,데님;스커트;니트,【바이오 워싱 코튼 100%】
28071,2타입 프렌치 프릴 삭스,,,4800,,,55-88,4050 여성 일반체형,,데일리,,롱,긴팔,블랙;화이트,4050,데님,"미샵 - 2타입 프렌치 프릴 삭스 (2 color) 2타입 프렌치 프릴 삭스 (2 color) (해외배송 가능상품) ( 건) 2타입 프렌치 프릴 삭스 (2 color) 4,800원 40원 (1%) 재입고 알림 SMS 상품 옵션 타입-컬러 - [필수] 옵션을 선택해 주세요 - ------------------- 미디움-화이트 미디움-블랙 롱-화이트 롱-블랙 옵션선택 상품 목록 상품명 상품수 가"
28106,아르테 플로우 실크 스카프,,,24800,,,55-88,4050 여성 일반체형,,데일리,,기본,긴팔,,4050,데님,"미샵 - 아르테 플로우 실크 스카프 (1 color) 아르테 플로우 실크 스카프 (1 color) (해외배송 가능상품) ( 건) 아르테 플로우 실크 스카프 (1 color) 24,800원 240원 (1%) 재입고 알림 SMS 상품 옵션 옵션선택 상품 목록 상품명 상품수 가격 아르테 플로우 실크 스카프 (1 color) 수량증가 수량감소 24800 ( 240 ) 옵션 정보 바로구매 예약주문 S"
28511,매그 S 647 슬랙스,팬츠,슬랙스,35800,폴리에스터95%에 스판5%를 더해 탄탄하면서도 유연한 원단입니다 / 폴리에스터95% 스판5% 혼용 소재입니다 / 스판5%를 더해 탄탄하면서도 유연한 원단입니다 / 스판5% 혼용 소재입니다,세미루즈,55-88,복부체형;하체통통,힙커버;허리라인보정,클래식;데일리;오피스룩,겨울,기본,긴팔,블랙;아이보리,4050,슬랙스;데님;니트,★SS제작 팬츠 153★ 【모든 룩이 멋지게 소화될 슬랙스】
28481,르완 핀턱 티셔츠,블라우스/셔츠,셔츠,34500,코튼50% 폴리에스터43% 스판7% 혼용 소재입니다 / 폴리에스터43% 스판7% 혼용 소재입니다 / 스판7% 혼용 소재입니다,루즈핏,55-88,어깨좁음;팔뚝통통,팔뚝커버,클래식;페미닌;데일리,,기본,긴팔,블랙;아이보리,4050,슬랙스;데님;스커트,"미샵 - 르완 핀턱 티셔츠 (2 color) 르완 핀턱 티셔츠 (2 color) (해외배송 가능상품) ( 건) 르완 핀턱 티셔츠 (2 color) 34,500원 340원 (1%) 재입고 알림 SMS 상품 옵션 컬러 - [필수] 옵션을 선택해 주세요 - ------------------- 아이보리 블랙 옵션선택 상품 목록 상품명 상품수 가격 르완 핀턱 티셔츠 (2 color) 수량증가 수량감소"
28509,런 위드 루즈핏 맨투맨,티셔츠,티셔츠,29800,면100% 쭈리 원단으로 제작되어 피부에 닿는 촉감이 부드럽고 자극이 적습니다 / 코튼100% 쭈리 소재입니다,루즈핏,55-88,어깨좁음;하체통통,뱃살커버;힙커버;허리라인보정,클래식;데일리,겨울,기본,긴팔,그레이,4050,슬랙스;데님,"미샵 - 런 위드 루즈핏 맨투맨 (3 color) 런 위드 루즈핏 맨투맨 (3 color) (해외배송 가능상품) ( 건) 런 위드 루즈핏 맨투맨 (3 color) 29,800원 290원 (1%) 재입고 알림 SMS 상품 옵션 컬러 - [필수] 옵션을 선택해 주세요 - ------------------- 라임 그레이 먹색 옵션선택 상품 목록 상품명 상품수 가격 런 위드 루즈핏 맨투맨 (3 co"
28508,마고 클래식 싱글 자켓,아우터,자켓,113200,폴리에스터100% 원단으로 제작되어 전체적인 실루엣이 깔끔하게 유지됩니다,,55-88,어깨좁음;복부체형,뱃살커버;허리라인보정,클래식;데일리,,기본,긴팔,블랙;베이지,4050,슬랙스;데님;스커트;니트,"미샵 - 마고 클래식 싱글 자켓 (3 color) 마고 클래식 싱글 자켓 (3 color) (해외배송 가능상품) ( 건) 마고 클래식 싱글 자켓 (3 color) 125,800원 113,200원 남은시간 3일 11:09:36 (12,600원 할인) 2026-03-13 12:00 ~ 2026-03-17 12:00 1,130원 (1%) 재입고 알림 SMS 상품 옵션 컬러 - [필수] 옵션을 선택"
28510,누아 캐시미어 라운드 반팔 니트,니트/가디건,니트,51100,울60%가 블렌딩되어 포근하면서도 부드러운 촉감이 느껴집니다,세미루즈,55-88,어깨좁음;팔뚝통통,팔뚝커버;뱃살커버;허리라인보정,클래식;데일리,여름;겨울,크롭,반팔,,4050,데님;니트,【울60+캐시미어5】
27358,로지 브이 니트 가디건,니트/가디건,니트,39500,,,55-88,어깨좁음,,데일리,,크롭,긴팔,블랙;아이보리;그레이;핑크;소라,4050,데님;니트,"미샵 - 로지 브이 니트 가디건 (5 color) 로지 브이 니트 가디건 (5 color) (해외배송 가능상품) ( 건) 로지 브이 니트 가디건 (5 color) 39,500원 390원 (1%) 재입고 알림 SMS 상품 옵션 컬러 - [필수] 옵션을 선택해 주세요 - ------------------- 아이보리 핑크 소라 그레이 블랙 옵션선택 상품 목록 상품명 상품수 가격 로지 브이 니트 가"
27211,러쉬 레더 하프 자켓,아우터,자켓,124600,,,55-88,어깨좁음;하체통통,힙커버;허리라인보정,클래식;페미닌;데일리;오피스룩,봄;가을;겨울,하프,긴팔,블랙;베이지,4050,데님;스커트;원피스,【무광의 은은함 / 에코 친환경 레더】
26790,베르 파인울 브이넥 니트,니트/가디건,니트,47500,울13% 혼용의 원사입니다,,55-88,어깨좁음;하체통통,허리라인보정,데일리,겨울,기본,긴팔,블랙;아이보리;그레이,4050,데님;스커트;니트,【캐시미어3+슈퍼파인울13】
28520,무드 패턴 롬버스 머플러,,,11500,,,55-88,4050 여성 일반체형,,데일리,,기본,긴팔,네이비;브라운,4050,데님,"미샵 - 무드 패턴 롬버스 머플러 (3 color) 무드 패턴 롬버스 머플러 (3 color) (해외배송 가능상품) ( 건) 무드 패턴 롬버스 머플러 (3 color) 12,800원 11,500원 남은시간 3일 11:09:28 (1,300원 할인) 2026-03-13 12:00 ~ 2026-03-17 12:00 110원 (1%) 재입고 알림 SMS 상품 옵션 컬러 - [필수] 옵션을 선택해"
27118,프릴 페이크 카라,,,17500,폴리에스터95% 스판5% 혼용 소재입니다 / 스판5% 혼용 소재입니다,,55-88,어깨좁음,허리라인보정,클래식;데일리,봄,기본,긴팔,블랙;화이트,4050,데님;원피스;니트,"미샵 - 프릴 페이크 카라 (2 color) 프릴 페이크 카라 (2 color) (해외배송 가능상품) ( 건) 프릴 페이크 카라 (2 color) 17,500원 170원 (1%) 재입고 알림 SMS 상품 옵션 컬러 - [필수] 옵션을 선택해 주세요 - ------------------- 화이트 블랙 옵션선택 상품 목록 상품명 상품수 가격 프릴 페이크 카라 (2 color) 수량증가 수량감소"
28499,멜로 루즈핏 레이어드 카라 니트,니트/가디건,니트,31300,폴리에스터70%에 아크릴과 나일론을 블렌딩해 차르르 흐르듯 아주 부드럽고 유연한 결이 느껴집니다,루즈핏,55-88,어깨좁음,뱃살커버;허리라인보정,클래식;데일리;오피스룩;모임룩,,기본,긴팔,블랙;화이트;그레이,4050,슬랙스;데님;니트,【차갑지 않은 따스한 코튼 카라】
28505,올가 S 517 면팬츠,팬츠,팬츠,41800,스판3% 혼용으로 신축성과 복원력이 뛰어나며,,FREE,복부체형;하체통통,뱃살커버;힙커버;허리라인보정,클래식;데일리;오피스룩,봄;겨울,기본,긴팔,블랙;베이지,4050,슬랙스;데님;니트,★SS제작 팬츠 151★ 【고급 바이오 코튼 공정】
28506,블로썸 포근 카라 니트,니트/가디건,니트,53500,울60%가 블렌딩되어 포근하면서도 부드러운 촉감이 느껴집니다,세미루즈,55-88,어깨좁음,뱃살커버,클래식;데일리,겨울,크롭,긴팔,,4050,데님;니트,【울60+캐시미어5】
26190,매그 S 551 슬랙스,팬츠,슬랙스,33700,,,44-88,복부체형;하체통통,힙커버,데일리,겨울,기본,긴팔,블랙;베이지,4050,슬랙스;데님;니트,★SS제작 팬츠 149★
27360,브리티 에코 스웨이드 자켓,아우터,자켓,52600,,,55-88,어깨좁음,,클래식;페미닌;데일리;오피스룩,봄;가을;겨울,기본,긴팔,화이트;베이지;브라운,4050,슬랙스;데님;스커트;원피스,【텐션좋아서 편해요】
28012,링클 하프넥 타이 블라우스,블라우스/셔츠,블라우스,44500,나일론18% 혼용 소재입니다 / 나일론18% 혼욘 소재입니다,,44-88,어깨좁음;하체통통,힙커버,클래식;데일리;오피스룩;모임룩,봄;가을;겨울,하프,긴팔,블랙;화이트,4050,슬랙스;데님;니트,"미샵 - 링클 하프넥 타이 블라우스 (3 color) 링클 하프넥 타이 블라우스 (3 color) (해외배송 가능상품) ( 건) 링클 하프넥 타이 블라우스 (3 color) 49,500원 44,500원 남은시간 3일 11:09:15 (5,000원 할인) 2026-03-13 12:00 ~ 2026-03-17 12:00 440원 (1%) 재입고 알림 SMS 상품 옵션 컬러 - [필수] 옵션을 선"
26880,로나 플레어 스커트,원피스/스커트,스커트,58000,,,55-88,복부체형;하체통통,힙커버;허리라인보정,클래식;페미닌;데일리,,크롭,긴팔,블랙;브라운,4050,데님;스커트;니트,"미샵 - 로나 플레어 스커트 (2 color) 로나 플레어 스커트 (2 color) (해외배송 가능상품) ( 건) 로나 플레어 스커트 (2 color) 64,500원 58,000원 남은시간 3일 11:09:13 (6,500원 할인) 2026-03-13 12:00 ~ 2026-03-17 12:00 580원 (1%) 재입고 알림 SMS 상품 옵션 컬러 - [필수] 옵션을 선택해 주세요 - ---"
28504,켈러 레터링 루즈핏 맨투맨,티셔츠,티셔츠,29800,면100% 쭈리 원단으로 피부에 닿는 촉감이 부드럽고 편안합니다,루즈핏,55-88,어깨좁음;하체통통,뱃살커버;힙커버,데일리,봄,기본,긴팔,네이비,4050,데님,"미샵 - 켈러 레터링 루즈핏 맨투맨 (2 color) 켈러 레터링 루즈핏 맨투맨 (2 color) (해외배송 가능상품) ( 건) 켈러 레터링 루즈핏 맨투맨 (2 color) 29,800원 290원 (1%) 재입고 알림 SMS 상품 옵션 컬러 - [필수] 옵션을 선택해 주세요 - ------------------- 옐로우 네이비 옵션선택 상품 목록 상품명 상품수 가격 켈러 레터링 루즈핏 맨투맨"
24440,링 트위드 자켓,아우터,자켓,112900,,,44-88,어깨좁음,허리라인보정,페미닌;데일리,봄;가을;겨울,기본,긴팔,블랙;베이지,4050,슬랙스;데님;스커트,"【2,3월 졸업입학룩/2온스 누빔안감】"
27295,바이오 볼륨 플레어 스커트,원피스/스커트,스커트,44800,코튼100% 소재입니다,,44-88,복부체형;하체통통,힙커버;허리라인보정,데일리,봄,기본,긴팔,베이지;네이비,4050,데님;스커트;니트,【밀도감좋은 바이오코튼 100%】
27208,루즈핏 배색 니트 조끼,니트/가디건,니트,35500,폴리에스터50% 혼용 니트입니다,루즈핏,55-88,어깨좁음;하체통통,힙커버;허리라인보정,클래식;데일리;오피스룩,봄;가을;간절기,기본,긴팔,블랙;화이트;아이보리;베이지;브라운,4050,슬랙스;데님;니트,"미샵 - 루즈핏 배색 니트 조끼 (2 color) 루즈핏 배색 니트 조끼 (2 color) (해외배송 가능상품) ( 건) 루즈핏 배색 니트 조끼 (2 color) 39,500원 35,500원 남은시간 3일 11:09:07 (4,000원 할인) 2026-03-13 12:00 ~ 2026-03-17 12:00 350원 (1%) 재입고 알림 SMS 상품 옵션 컬러 - [필수] 옵션을 선택해 주세요"
27403,뷔스티에 블라우스 셔츠,블라우스/셔츠,블라우스,40900,폴리에스터95% 스판5% 혼용 소재입니다 / 스판5% 혼용 소재입니다,,55-88,어깨좁음;하체통통,뱃살커버,데일리;오피스룩,,기본,긴팔,블랙;아이보리;베이지,4050,데님;스커트,"미샵 - 뷔스티에 블라우스 셔츠 (3 color) 뷔스티에 블라우스 셔츠 (3 color) (해외배송 가능상품) ( 건) 뷔스티에 블라우스 셔츠 (3 color) 45,500원 40,900원 남은시간 3일 11:09:05 (4,600원 할인) 2026-03-13 12:00 ~ 2026-03-17 12:00 400원 (1%) 재입고 알림 SMS 상품 옵션 컬러 - [필수] 옵션을 선택해 주세요"
27991,(기획) 3타입 로니 세미 와이드 데님,팬츠,데님,32500,코튼100% 소재로 만듭니다 / 코튼100% 데님 소재입니다,,44-88,복부체형;하체통통,힙커버,클래식;데일리,봄;가을;겨울,롱,긴팔,블랙;그레이,4050,슬랙스;데님,"【5사이즈/2컬러/숏,기본,롱길이】"
26772,웜톤 캐시미어 홀가먼트 조끼,,,44800,울60% 혼용의 원사입니다,,44-88,어깨좁음;하체통통,힙커버,데일리,겨울,기본,긴팔,그레이,4050,슬랙스;데님;니트,【캐시미어5+울60 】
26786,에디 골지 스트라이프 티셔츠,블라우스/셔츠,셔츠,24700,코튼96% 스판4% 혼용 소재입니다 / 스판4% 혼용 소재입니다,,44-88,어깨좁음,허리라인보정,클래식;데일리,봄;가을;겨울,기본,긴팔,블랙,4050,데님,"미샵 - 에디 골지 스트라이프 티셔츠 (3 color) 에디 골지 스트라이프 티셔츠 (3 color) (해외배송 가능상품) ( 건) 에디 골지 스트라이프 티셔츠 (3 color) 27,500원 24,700원 남은시간 3일 11:09:01 (2,800원 할인) 2026-03-13 12:00 ~ 2026-03-17 12:00 240원 (1%) 재입고 알림 SMS 상품 옵션 컬러 - [필수] 옵션"
28104,F. 로드 라운드 코튼 자켓,아우터,자켓,76000,코튼100%로 겉면은 부드럽고 조직은 탄탄합니다 / 코튼100% 소재입니다,오버핏,FREE,어깨좁음;복부체형;하체통통,뱃살커버;힙커버,클래식;데일리,봄;여름;가을,기본,긴팔,베이지,4050,슬랙스;데님;스커트;니트,"미샵 - F. 로드 라운드 코튼 자켓 (2 color) F. 로드 라운드 코튼 자켓 (2 color) (해외배송 가능상품) ( 건) F. 로드 라운드 코튼 자켓 (2 color) 84,500원 76,000원 남은시간 3일 11:08:59 (8,500원 할인) 2026-03-13 12:00 ~ 2026-03-17 12:00 760원 (1%) 재입고 알림 SMS 상품 옵션 컬러 - [필수] 옵션"
25958,델리 파인울 하프 니트 조끼,니트/가디건,니트,88600,울50% 폴리,,55-88,어깨좁음,뱃살커버;힙커버,데일리;오피스룩,봄;가을;겨울,하프,긴팔,아이보리;베이지,4050,데님;니트,【파인울50 / 재입고요청쇄도】
27234,모드 소프트 티셔츠,블라우스/셔츠,셔츠,18500,폴리에스터62% 레이온,,55-88,어깨좁음;하체통통,허리라인보정,클래식;페미닌;데일리,봄;가을;간절기,기본,긴팔,블랙;아이보리;그레이;핑크;소라,4050,슬랙스;데님;니트,"미샵 - 모드 소프트 티셔츠 (5 color) 모드 소프트 티셔츠 (5 color) (해외배송 가능상품) ( 건) 모드 소프트 티셔츠 (5 color) 18,500원 180원 (1%) 재입고 알림 SMS 상품 옵션 컬러 - [필수] 옵션을 선택해 주세요 - ------------------- 아이보리 핑크 소라 멜란지그레이 블랙 옵션선택 상품 목록 상품명 상품수 가격 모드 소프트 티셔츠 (5"
22380,심플 울실크 스카프,,,24100,,,55-88,4050 여성 일반체형,허리라인보정,데일리,봄;여름;겨울,기본,긴팔,블랙;아이보리,4050,데님,"미샵 - 심플 울실크 스카프 (2 color) 심플 울실크 스카프 (2 color) (해외배송 가능상품) ( 건) 심플 울실크 스카프 (2 color) 26,800원 24,100원 남은시간 3일 11:08:54 (2,700원 할인) 2026-03-13 12:00 ~ 2026-03-17 12:00 240원 (1%) 재입고 알림 SMS 상품 옵션 컬러 - [필수] 옵션을 선택해 주세요 - ---"
28521,투웨이 나일론 토트/ 숄더 백,,,61600,,,55-88,4050 여성 일반체형,,데일리,,기본,긴팔,블랙;아이보리;베이지,4050,데님,【파우치 내장 / (안)공간별 포켓5개】
28503,컬러 브리즈 카라 니트,니트/가디건,니트,29500,,세미루즈,55-88,어깨좁음;복부체형,뱃살커버;허리라인보정,클래식;데일리;오피스룩,,기본,긴팔,핑크;네이비,4050,슬랙스;데님;스커트;니트,"미샵 - 컬러 브리즈 카라 니트 (3 color) 컬러 브리즈 카라 니트 (3 color) (해외배송 가능상품) ( 건) 컬러 브리즈 카라 니트 (3 color) 29,500원 290원 (1%) 재입고 알림 SMS 상품 옵션 컬러 - [필수] 옵션을 선택해 주세요 - ------------------- 오트밀 핑크 네이비 옵션선택 상품 목록 상품명 상품수 가격 컬러 브리즈 카라 니트 (3 c"
26813,딥 톤 논페이드 일자 데님,팬츠,데님,53500,코튼98% 스판2% 혼용 원단입니다 / 스판2% 혼용 원단입니다,,55-88,복부체형;하체통통,힙커버;허리라인보정,클래식;데일리;오피스룩,,기본,긴팔,,4050,데님,"【기모/리액티브원료로 이염적고, 내구성 최상】"
28502,레이스 하프넥 레이어드 티셔츠,블라우스/셔츠,셔츠,34600,폴리에스터95% 스판5% 혼용입니다 / 스판5% 혼용입니다,세미루즈,55-88,어깨좁음,힙커버;허리라인보정,클래식;데일리,,하프,긴팔,블랙;아이보리,4050,데님;니트,【텐션 레이스 / 사이즈별 제작】
28501,본 브이넥 버튼 울 가디건,니트/가디건,가디건,26800,울5%가 블렌딩된 원단으로 가볍지만 따뜻합니다,,55-88,어깨좁음,허리라인보정,클래식;데일리,겨울,기본,긴팔,화이트;베이지;그레이;브라운,4050,데님;원피스;니트,"미샵 - 본 브이넥 버튼 울 가디건 (4 color) 본 브이넥 버튼 울 가디건 (4 color) (해외배송 가능상품) ( 건) 본 브이넥 버튼 울 가디건 (4 color) 29,800원 26,800원 남은시간 3일 11:08:45 (3,000원 할인) 2026-03-13 12:00 ~ 2026-03-17 12:00 260원 (1%) 재입고 알림 SMS 상품 옵션 컬러 - [필수] 옵션을 선"
28111,딥 무드 체크 셔츠,블라우스/셔츠,셔츠,42500,코튼100%의 고밀도 원단으로 피부에 닿는 감촉이 부드럽고,,55-88,어깨좁음,,클래식;데일리,가을;겨울,기본,긴팔,베이지;그레이;브라운,4050,데님;니트,"미샵 - 딥 무드 체크 셔츠 (3 color) 딥 무드 체크 셔츠 (3 color) (해외배송 가능상품) ( 건) 딥 무드 체크 셔츠 (3 color) 42,500원 420원 (1%) 재입고 알림 SMS 상품 옵션 컬러 - [필수] 옵션을 선택해 주세요 - ------------------- 베이지 그레이 브라운 옵션선택 상품 목록 상품명 상품수 가격 딥 무드 체크 셔츠 (3 color) 수"
28492,르 실크 라이닝 스카프,,,19800,,,55-88,4050 여성 일반체형,,데일리,,기본,긴팔,베이지;카키,4050,데님,"미샵 - 르 실크 라이닝 스카프 (2 color) 르 실크 라이닝 스카프 (2 color) (해외배송 가능상품) ( 건) 르 실크 라이닝 스카프 (2 color) 19,800원 190원 (1%) 재입고 알림 SMS 상품 옵션 컬러 - [필수] 옵션을 선택해 주세요 - ------------------- 연베이지 카키 옵션선택 상품 목록 상품명 상품수 가격 르 실크 라이닝 스카프 (2 colo"
25997,모노 페이크 카라,,,18500,,,55-88,4050 여성 일반체형,,클래식;데일리,봄;겨울,기본,긴팔,블랙;화이트,4050,데님;니트,링클프리 / 밴딩 사이즈 조절
28292,퐁듀 라운드 긴팔 티셔츠,블라우스/셔츠,셔츠,29500,코튼60% 폴리에스터40% 혼용 소재입니다 / 폴리에스터40% 혼용 소재입니다,,FREE,어깨좁음,뱃살커버;허리라인보정,클래식;데일리,겨울,기본,긴팔,블랙;베이지,4050,데님,"미샵 - 퐁듀 라운드 긴팔 티셔츠 (4 color) 퐁듀 라운드 긴팔 티셔츠 (4 color) (해외배송 가능상품) ( 건) 퐁듀 라운드 긴팔 티셔츠 (4 color) 29,500원 290원 (1%) 재입고 알림 SMS 상품 옵션 컬러 - [필수] 옵션을 선택해 주세요 - ------------------- 베이지 스틸블루 다크레드 블랙 옵션선택 상품 목록 상품명 상품수 가격 퐁듀 라운드 긴"
28498,기어 루즈핏 긴팔 티셔츠,블라우스/셔츠,셔츠,24500,코튼100%의 가볍고 부드러운 쭈리 소재입니다,루즈핏,55-88,어깨좁음;복부체형;하체통통,뱃살커버;힙커버;허리라인보정,데일리;오피스룩,봄;가을;간절기,기본,긴팔,그레이,4050,슬랙스;데님,"미샵 - 기어 루즈핏 긴팔 티셔츠 (2 color) 기어 루즈핏 긴팔 티셔츠 (2 color) (해외배송 가능상품) ( 건) 기어 루즈핏 긴팔 티셔츠 (2 color) 24,500원 240원 (1%) 재입고 알림 SMS 상품 옵션 컬러 - [필수] 옵션을 선택해 주세요 - ------------------- 백멜란지 그레이 옵션선택 상품 목록 상품명 상품수 가격 기어 루즈핏 긴팔 티셔츠 (2"
24825,S. 베이직 라운드 니트_타입2,니트/가디건,니트,28800,비스코스 50% 혼용의 니트이며 / 비스코스50% 폴리 혼용 니트입니다,,55-88,어깨좁음,,클래식;데일리,봄;가을;겨울,기본,긴팔,아이보리;네이비,4050,데님;니트,"미샵 - S. 베이직 라운드 니트_타입2 (4 color) S. 베이직 라운드 니트_타입2 (4 color) (해외배송 가능상품) ( 건) S. 베이직 라운드 니트_타입2 (4 color) 28,800원 280원 (1%) 재입고 알림 SMS 상품 옵션 컬러 - [필수] 옵션을 선택해 주세요 - ------------------- 아이보리 스카이 블루 네이비 옵션선택 상품 목록 상품명 상품수"
28500,매그 S 645 슬랙스,팬츠,슬랙스,38200,폴리에스터90% 스판10%가 혼용 원단으로 탄탄함과 유연함의 균형이 잘 잡혀 있습니다 / 스판10%가 혼용 원단으로 탄탄함과 유연함의 균형이 잘 잡혀 있습니다,,44-88,복부체형;하체통통,힙커버;허리라인보정,데일리;오피스룩,,기본,긴팔,블랙;베이지,4050,슬랙스;데님;니트,★ SS제작 팬츠 143 ★
28497,뒷셔링 레이어드 셔츠 니트 / 사이즈별,니트/가디건,니트,49800,면100%로 피부에 닿는 촉감이 산뜻합니다 / 폴리에스터95% 스판5% 소재입니다 / 스판5% 소재입니다,,44-88,어깨좁음;복부체형;하체통통,뱃살커버;힙커버;허리라인보정,클래식;데일리;오피스룩,,기본,긴팔,화이트,4050,슬랙스;데님;니트,【사이즈별 제작】
24175,양가죽 소프트 로퍼,,,74800,,,55-88,4050 여성 일반체형,허리라인보정,데일리,,기본,긴팔,블랙;브라운,4050,데님,【무지외반증도 OK】
28015,머드 셔링 립 롱 삭스,,,5800,,,55-88,4050 여성 일반체형,허리라인보정,데일리,,롱,긴팔,블랙;베이지;브라운,4050,데님,"미샵 - 머드 셔링 립 롱 삭스 (5 color) 머드 셔링 립 롱 삭스 (5 color) (해외배송 가능상품) ( 건) 머드 셔링 립 롱 삭스 (5 color) 5,800원 50원 (1%) 재입고 알림 SMS 상품 옵션 컬러 - [필수] 옵션을 선택해 주세요 - ------------------- 베이지 브라운 차콜 블랙 옵션선택 상품 목록 상품명 상품수 가격 머드 셔링 립 롱 삭스 (5"
28496,2타입 컬러 코튼 팬츠_1탄,팬츠,팬츠,32500,코튼 100% 원단으로 제작되어 피부에 닿는 촉감이 깔끔하고 편안합니다,,44-88,복부체형;하체통통,힙커버;허리라인보정,클래식;데일리,봄;가을;겨울,롱,긴팔,블랙;화이트;그레이;카키,4050,슬랙스;데님,【길이별 남녀공용 5size/고급 가먼트 워싱】
28495,로아 모노 타이 블라우스,블라우스/셔츠,블라우스,39100,,,44-88,어깨좁음,허리라인보정,클래식;데일리;오피스룩,봄;가을;간절기,기본,긴팔,블랙;아이보리,4050,슬랙스;데님;스커트,"미샵 - 로아 모노 타이 블라우스 (2 color) 로아 모노 타이 블라우스 (2 color) (해외배송 가능상품) ( 건) 로아 모노 타이 블라우스 (2 color) 43,500원 39,100원 남은시간 3일 11:08:23 (4,400원 할인) 2026-03-13 12:00 ~ 2026-03-17 12:00 390원 (1%) 재입고 알림 SMS 상품 옵션 컬러 - [필수] 옵션을 선택해"
28494,클로이 스트링 1온스 자켓,아우터,자켓,68500,면 30% / 나일론 70% 혼방으로 매트함과 부드러움이 균형 있게 느껴집니다,,55-88,어깨좁음;복부체형,뱃살커버;허리라인보정,클래식;데일리;오피스룩,봄;가을;겨울,기본,긴팔,블랙;베이지,4050,슬랙스;데님,【1온스로 간절기마다 휘뚜루마뚜루】
23369,소잉 후드 니트,아우터,점퍼,79500,울60%와 캐시미어가 살짝 가미되어 털날림이 없는 정도에서 포근함이 충분히 느껴지는 니트에요 / 울60%와 캐시미어 혼용의 니트이며,,55-88,4050 여성 일반체형,허리라인보정,데일리,겨울,기본,긴팔,아이보리;베이지;브라운,4050,데님;니트,【울60+캐시미어5】
28493,스윗피 피치 반팔 티셔츠,블라우스/셔츠,셔츠,19500,면95%에 스판5%가 더해진 후라이스 원단입니다 / 스판5%가 더해진 후라이스 원단입니다,,44-88,어깨좁음,뱃살커버,클래식;데일리,여름,기본,반팔,블랙;아이보리,4050,슬랙스;데님;스커트;니트,【탄탄한 후라이스원단/고급자수처리】
26958,와이드 울 터틀 조끼,,,42500,울10% 폴리에스터,,44-88,어깨좁음;하체통통,허리라인보정,데일리,겨울,기본,긴팔,블랙;베이지;그레이,4050,슬랙스;데님,【울10+항균섬유30+리사이클폴리7】
28507,로브 플라워 벨벳 핸들 머플러,,,11500,,,55-88,4050 여성 일반체형,,페미닌;데일리,,기본,긴팔,네이비;브라운,4050,데님,【구김 없이 부드럽고 포근】
28491,펄 라인업 니트 조끼,니트/가디건,니트,31000,비스코스21% 폴리에스터30 혼방으로,세미루즈,55-88,어깨좁음,뱃살커버;허리라인보정,클래식;데일리;오피스룩,겨울,기본,긴팔,블랙;그레이,4050,슬랙스;데님;스커트;니트,"미샵 - 펄 라인업 니트 조끼 (3 color) 펄 라인업 니트 조끼 (3 color) (해외배송 가능상품) ( 건) 펄 라인업 니트 조끼 (3 color) 34,500원 31,000원 남은시간 3일 11:08:13 (3,500원 할인) 2026-03-13 12:00 ~ 2026-03-17 12:00 310원 (1%) 재입고 알림 SMS 상품 옵션 컬러 - [필수] 옵션을 선택해 주세요 -"
28490,소울 하이넥 반목 니트,니트/가디건,니트,29200,폴리에스터31% 혼방으로 / 비스코스29% 폴리에스터31% 혼방으로,,55-88,어깨좁음;하체통통,힙커버;허리라인보정,클래식;데일리;오피스룩,봄;가을;겨울,롱,긴팔,블랙,4050,슬랙스;데님;스커트;니트,"미샵 - 소울 하이넥 반목 니트 (3 color) 소울 하이넥 반목 니트 (3 color) (해외배송 가능상품) ( 건) 소울 하이넥 반목 니트 (3 color) 32,500원 29,200원 남은시간 3일 11:08:12 (3,300원 할인) 2026-03-13 12:00 ~ 2026-03-17 12:00 290원 (1%) 재입고 알림 SMS 상품 옵션 컬러 - [필수] 옵션을 선택해 주세요"
28450,매그 S 641 슬랙스,팬츠,슬랙스,33100,폴리에스터 90%의 매끈하고 탄탄한 결이 슬랙스 라인을 깔끔하게 잡아주고 구김이 쉽게 남지 않아 하루 종일 단정한 핏을 유지합니다 / 폴리에스터90%의 매끈하고 탄탄한 결이 슬랙스 라인을 깔끔하게 잡아주고 / 스판10%의 넉넉한 신축성이 더해져 앉고 걷는 움직임에서도 답답함이 덜하고 무릎이나 힙 라인 늘어짐이 현저히 적습니다 / 스판 10%의 넉넉한 신축성이 더해져 하루 종일 편안한 착용감을 전합니다,슬림핏,44-88,복부체형;하체통통,힙커버;허리라인보정,클래식;데일리,,기본,긴팔,블랙;베이지;그레이,4050,슬랙스;데님;니트,★ SS제작 팬츠 145 ★
28479,로라 레이스 포인트 티셔츠,블라우스/셔츠,셔츠,29500,폴리에스터80%에 아크릴20%를 혼방한 니트 소재로,슬림핏,44-88,어깨좁음,허리라인보정,페미닌;데일리;오피스룩,겨울,기본,긴팔,블랙;아이보리,4050,슬랙스;데님;스커트;니트,【따스한 피치의 레이스】
28483,스위티 프레피 자켓,아우터,자켓,77800,폴리에스터60% 레이온,,55-88,어깨좁음;하체통통,힙커버;허리라인보정,클래식;데일리;오피스룩;모임룩,겨울,기본,긴팔,블랙;아이보리;베이지,4050,슬랙스;데님;스커트,"미샵 - 스위티 프레피 자켓 (3 color) 스위티 프레피 자켓 (3 color) (해외배송 가능상품) ( 건) 스위티 프레피 자켓 (3 color) 86,500원 77,800원 남은시간 3일 11:08:07 (8,700원 할인) 2026-03-13 12:00 ~ 2026-03-17 12:00 770원 (1%) 재입고 알림 SMS 상품 옵션 컬러 - [필수] 옵션을 선택해 주세요 - ---"
28489,해리 여리핏 티셔츠,블라우스/셔츠,셔츠,25800,폴리에스터80% 스판14% 레이온6% 혼방으로 얇고 후들후들한 터치가 특징입니다 / 레이온6% 혼방으로 얇고 후들후들한 터치가 특징입니다 / 스판14% 레이온6% 혼방으로 얇고 후들후들한 터치가 특징입니다,루즈핏,44-88,어깨좁음;하체통통,뱃살커버;힙커버,데일리,봄;가을;간절기,기본,긴팔,블랙;아이보리;그레이,4050,슬랙스;데님;스커트;니트,"미샵 - 해리 여리핏 티셔츠 (3 color) 해리 여리핏 티셔츠 (3 color) (해외배송 가능상품) ( 건) 해리 여리핏 티셔츠 (3 color) 25,800원 250원 (1%) 재입고 알림 SMS 상품 옵션 컬러 - [필수] 옵션을 선택해 주세요 - ------------------- 아이보리 멜란지그레이 블랙 옵션선택 상품 목록 상품명 상품수 가격 해리 여리핏 티셔츠 (3 color"
26014,스마일 쫀쫀 삭스,,,3800,,,55-88,4050 여성 일반체형,,데일리,겨울,기본,긴팔,블랙;화이트;베이지,4050,데님,"쫀쫀, 고퀄리티"
28485,뮤 반오픈 카라 스트라이프 니트,니트/가디건,니트,29500,,루즈핏,55-88,어깨좁음,뱃살커버,클래식;데일리;오피스룩,봄;가을;간절기,기본,긴팔,블랙;아이보리,4050,슬랙스;데님;스커트;니트,【기획 국내공정 니트】
28486,(기획) 3타입 로드 슬랙스,팬츠,슬랙스,29800,폴리에스터96%에 스판4%를 더한 슬랙스 소재로 / 스판4%를 더한 슬랙스 소재로,,44-88,복부체형;하체통통,힙커버;허리라인보정,클래식;데일리;오피스룩,봄;가을;간절기,롱,긴팔,블랙;베이지;브라운,4050,슬랙스;데님;니트,【숏·기본·롱길이/5사이즈】
28477,앤 레이스 맨투맨,티셔츠,티셔츠,46800,,루즈핏,55-88,어깨좁음;하체통통,뱃살커버;힙커버;허리라인보정,페미닌;데일리,,기본,긴팔,그레이;핑크,4050,슬랙스;데님;스커트,"미샵 - 앤 레이스 맨투맨 (3 color) 앤 레이스 맨투맨 (3 color) (해외배송 가능상품) ( 건) 앤 레이스 맨투맨 (3 color) 46,800원 460원 (1%) 재입고 알림 SMS 상품 옵션 컬러 - [필수] 옵션을 선택해 주세요 - ------------------- 핑크 그레이 먹색 옵션선택 상품 목록 상품명 상품수 가격 앤 레이스 맨투맨 (3 color) 수량증가 수량"
28484,메인 스카프 세트 니트,니트/가디건,니트,33100,울5% 텐셀5% 혼용 니트로 피부에 닿는 느낌은 부드럽고 가벼우며,,44-88,어깨좁음,허리라인보정,클래식;데일리;오피스룩,봄;가을;겨울,기본,긴팔,블랙;그레이;소라,4050,슬랙스;데님;스커트;니트,【니트&스카프 세트/다양한 스타일링】
25962,멜로 스트라이프 셔츠,블라우스/셔츠,셔츠,34600,면100% 소재로 피부에 닿는 감촉이 산뜻하고 가볍습니다 / 코튼100% 소재입니다,슬림핏,55-88,어깨좁음;복부체형,뱃살커버;허리라인보정,클래식;데일리;오피스룩;학모룩,봄;여름;가을,기본,긴팔,블랙;화이트;아이보리;베이지;핑크,4050,슬랙스;데님;니트,"미샵 - 멜로 스트라이프 셔츠 (3 color) 멜로 스트라이프 셔츠 (3 color) (해외배송 가능상품) ( 건) 멜로 스트라이프 셔츠 (3 color) 38,500원 34,600원 남은시간 3일 11:07:55 (3,900원 할인) 2026-03-13 12:00 ~ 2026-03-17 12:00 340원 (1%) 재입고 알림 SMS 상품 옵션 컬러 - [필수] 옵션을 선택해 주세요 -"
26806,렌 홀가먼트 브이 니트,니트/가디건,니트,69500,울60% 혼용 원사로 촉감은 부드럽고 / 울60% 혼용 원사입니다 / 나일론35% 혼용으로 내구성이 뛰어나며,,FREE,어깨좁음;복부체형,뱃살커버;허리라인보정,클래식;데일리,봄;겨울,기본,긴팔,아이보리,4050,슬랙스;데님;니트,【캐시미어5+울60】
27165,2온스 퀼팅 절개 자켓,아우터,자켓,42800,폴리에스터100% 소재입니다,,55-88,어깨좁음;하체통통,뱃살커버,데일리;오피스룩,봄;가을;겨울,크롭,긴팔,블랙;그레이;소라,4050,슬랙스;데님;스커트,【2온스】
28475,로드 컬러 배색 니트,니트/가디건,니트,52500,울 50%가 블렌딩되어 포근함은 느껴지지만 과하게 무겁지 않고,정핏,55-88,어깨좁음;복부체형,뱃살커버;허리라인보정,클래식;데일리,봄;겨울,기본,긴팔,핑크,4050,슬랙스;데님;니트,【울50% 블렌딩 / 브랜드 스타일】
28480,허쉬 골지 니트 티셔츠,니트/가디건,니트,32500,,루즈핏,55-88,어깨좁음;복부체형,허리라인보정,클래식;페미닌;데일리,봄;가을;겨울,기본,긴팔,브라운,4050,슬랙스;데님;스커트;니트,"미샵 - 허쉬 골지 니트 티셔츠 (3 color) 허쉬 골지 니트 티셔츠 (3 color) (해외배송 가능상품) ( 건) 허쉬 골지 니트 티셔츠 (3 color) 32,500원 320원 (1%) 재입고 알림 SMS 상품 옵션 컬러 - [필수] 옵션을 선택해 주세요 - ------------------- 크림 브라운 먹색 옵션선택 상품 목록 상품명 상품수 가격 허쉬 골지 니트 티셔츠 (3 co"
19531,데니 홀가먼트 가디건,니트/가디건,가디건,89500,울65% 혼용으로 부드럽고 유연한 촉감이 먼저 느껴집니다,,44-88,어깨좁음;복부체형;하체통통,뱃살커버;힙커버;허리라인보정,클래식;데일리,봄;가을;겨울,기본,긴팔,그레이;네이비,4050,슬랙스;데님;원피스;니트,"【2,000장판매돌파/울65+캐시미어】"
28482,켈린 레이스 니트 스커트,니트/가디건,니트,43500,폴리에스터100%로 짜여진 도톰한 니트 소재입니다,,55-88,복부체형;하체통통,힙커버,클래식;페미닌;데일리,겨울,기본,긴팔,블랙;아이보리,4050,데님;스커트;니트,"【겉은 피치레이스, 안은 탄탄한 니트】"
25761,카라 버튼 니트 조끼,니트/가디건,니트,27500,,,55-88,어깨좁음,허리라인보정,클래식;데일리,,기본,긴팔,블랙;베이지,4050,데님;니트,"미샵 - 카라 버튼 니트 조끼 (2 color) 카라 버튼 니트 조끼 (2 color) (해외배송 가능상품) ( 건) 카라 버튼 니트 조끼 (2 color) 27,500원 270원 (1%) 재입고 알림 SMS 상품 옵션 컬러 - [필수] 옵션을 선택해 주세요 - ------------------- 베이지 블랙 옵션선택 상품 목록 상품명 상품수 가격 카라 버튼 니트 조끼 (2 color) 수량"
26094,모니카 레터링 루즈핏 맨투맨,티셔츠,티셔츠,18500,코튼100% 소재입니다,루즈핏,55-88,어깨좁음,,데일리,겨울,기본,긴팔,그레이;네이비,4050,슬랙스;데님;스커트,"미샵 - 모니카 레터링 루즈핏 맨투맨 (3 color) 모니카 레터링 루즈핏 맨투맨 (3 color) (해외배송 가능상품) ( 건) 모니카 레터링 루즈핏 맨투맨 (3 color) 18,500원 180원 (1%) 재입고 알림 SMS 상품 옵션 컬러 - [필수] 옵션을 선택해 주세요 - ------------------- 오트밀 그레이 네이비 옵션선택 상품 목록 상품명 상품수 가격 모니카 레터링"
28478,매그 S 643 슬랙스,팬츠,슬랙스,39100,폴리에스터92% / 스판 8%의 높은 신축성이 더해진 편안한 슬랙스 소재입니다,,55-88,복부체형;하체통통,뱃살커버;힙커버,클래식;데일리;오피스룩,봄,기본,긴팔,블랙;베이지,4050,슬랙스;데님;니트,★SS제작 팬츠 141★ 【하루종일 매끈한 롱다리핏】
28470,프렌즈 데님 가디건 니트,니트/가디건,니트,31000,폴리에스터80%를 혼방한 니트 소재로,,55-88,어깨좁음,,데일리,봄;가을;겨울,기본,긴팔,그레이;네이비,4050,슬랙스;데님;스커트;니트,【데님과 니트가 한번에 레이어드】
28204,몬드 카라 보카시 핸드메이드 자켓,아우터,자켓,88900,울100% 소재이며,세미루즈,55-88,어깨좁음;하체통통,허리라인보정,페미닌;데일리,겨울,크롭,긴팔,,4050,데님;스커트;니트,【울100 / 따스한 이중직】
28465,로로 스트라이프 후드 니트,아우터,점퍼,26800,폴리에스터100% 니트 소재로 적당히 도톰한 두께감이 느껴지며,루즈핏,55-88,어깨좁음;복부체형;하체통통,뱃살커버;힙커버;허리라인보정,데일리,,기본,긴팔,,4050,슬랙스;데님;스커트;니트,"미샵 - 로로 스트라이프 후드 니트 (1 color) 로로 스트라이프 후드 니트 (1 color) (해외배송 가능상품) ( 건) 로로 스트라이프 후드 니트 (1 color) 26,800원 260원 (1%) 재입고 알림 SMS 상품 옵션 옵션선택 상품 목록 상품명 상품수 가격 로로 스트라이프 후드 니트 (1 color) 수량증가 수량감소 26800 ( 260 ) 옵션 정보 바로구매 예약주문 S"
27956,남녀공용 덤블 워싱 베이직 티셔츠,블라우스/셔츠,셔츠,15800,코튼100% 소재입니다,오버핏,55-88,어깨좁음;팔뚝통통,팔뚝커버;뱃살커버,데일리,겨울,기본,긴팔,블랙;화이트;핑크;네이비;카키,4050,데님;스커트,【온가족 데일리T/ 4가지 SIZE】
28473,3타입 베르 일자 데님,팬츠,데님,34500,,,44-88,복부체형;하체통통,뱃살커버;힙커버;허리라인보정,클래식;데일리,겨울,크롭,긴팔,,4050,데님;니트,【두 가지 길이 / 5개의 사이즈】
28472,텐더 체크 셔츠_1,블라우스/셔츠,셔츠,25800,,루즈핏,55-88,어깨좁음;하체통통,힙커버,데일리,,기본,긴팔,블랙,4050,데님;니트,【남녀노소 불문한 온가족 체크 셔츠】
24667,데일리 다나 백,,,62800,,,55-88,어깨좁음,,데일리,,기본,긴팔,블랙;베이지,4050,데님,소모품많은 출근Bag / (안)공간별 포켓5개
28467,마일드 웜 셔츠,블라우스/셔츠,셔츠,43500,폴리에스터62% 레이온36% 스판2% 혼방 소재로 벨벳을 연상시키는 결감이 느껴지면서도 과하지 않게 더 부드럽고 유연한 터치가 특징입니다 / 레이온36% 스판2% 혼방 소재로 벨벳을 연상시키는 결감이 느껴지면서도 과하지 않게 더 부드럽고 유연한 터치가 특징입니다 / 스판2% 혼방 소재로 벨벳을 연상시키는 결감이 느껴지면서도 과하지 않게 더 부드럽고 유연한 터치가 특징입니다,루즈핏,55-88,어깨좁음;복부체형;하체통통,뱃살커버;힙커버;허리라인보정,클래식;데일리;오피스룩,봄;가을;겨울,기본,긴팔,베이지;네이비,4050,데님;스커트;니트,【벨벳처럼 은은한 결의 고급스러움】
28446,미니멀 블링 카라 니트,니트/가디건,니트,28500,폴리에스터72% 아크릴,,55-88,어깨좁음,뱃살커버;허리라인보정,데일리;오피스룩;학모룩,봄;가을;간절기,기본,긴팔,블랙,4050,슬랙스;데님;니트,"미샵 - 미니멀 블링 카라 니트 (2 color) 미니멀 블링 카라 니트 (2 color) (해외배송 가능상품) ( 건) 미니멀 블링 카라 니트 (2 color) 28,500원 280원 (1%) 재입고 알림 SMS 상품 옵션 컬러 - [필수] 옵션을 선택해 주세요 - ------------------- 오트밀 블랙 옵션선택 상품 목록 상품명 상품수 가격 미니멀 블링 카라 니트 (2 color"
27346,매그 S 605 슬랙스,팬츠,슬랙스,34500,폴리에스터95% 스판5% 혼용 소재입니다 / 스판5% 혼용 소재입니다,,55-88,복부체형;하체통통,힙커버,데일리,봄;여름;가을,롱,긴팔,블랙;베이지,4050,슬랙스;데님;니트,★ SS제작 팬츠 139 ★
26879,덕다운 패딩 믹스 니트 점퍼,아우터,점퍼,79040,,정핏,55-88,어깨좁음,,클래식;데일리;오피스룩,봄;가을;겨울,기본,긴팔,블랙,4050,슬랙스;데님;니트,【하이엔드 니트+덕다운100 충전재】
28455,화이트&블랙 플레어 스커트,원피스/스커트,스커트,52600,폴리에스터100% 소재로 형태가 깔끔하게 유지되는 것이 장점이고 안감까지 동일한 소재로 더해져 비침 부담을 줄였습니다,,55-88,복부체형,허리라인보정,클래식;데일리,겨울,기본,긴팔,블랙;화이트,4050,데님;스커트;니트,"미샵 - 화이트&블랙 플레어 스커트 (2 color) 화이트&블랙 플레어 스커트 (2 color) (해외배송 가능상품) ( 건) 화이트&블랙 플레어 스커트 (2 color) 58,500원 52,600원 남은시간 3일 11:07:21 (5,900원 할인) 2026-03-13 12:00 ~ 2026-03-17 12:00 520원 (1%) 재입고 알림 SMS 상품 옵션 컬러 - [필수] 옵션을 선"
21834,미니 도트 울실크 스카프,,,26800,,,55-88,4050 여성 일반체형,,데일리,봄;겨울,기본,긴팔,블랙;아이보리;브라운,4050,데님,(울실크100)
25853,클래식 소가죽 벨트,,,37800,,,55-88,복부체형,,클래식;데일리,겨울,기본,긴팔,블랙;브라운,4050,데님,"미샵 - 클래식 소가죽 벨트 (3 color) 클래식 소가죽 벨트 (3 color) (해외배송 가능상품) ( 건) 클래식 소가죽 벨트 (3 color) 37,800원 370원 (1%) 재입고 알림 SMS 상품 옵션 컬러 - [필수] 옵션을 선택해 주세요 - ------------------- 브라운 블랙 옵션선택 상품 목록 상품명 상품수 가격 클래식 소가죽 벨트 (3 color) 수량증가 수"
27988,메이 담보루 소프트 맨투맨,티셔츠,티셔츠,29800,코튼55% 폴리45% 혼용의 담보루 소재로 / 폴리45% 혼용의 담보루 소재로,,55-88,어깨좁음,허리라인보정,클래식;데일리;오피스룩,겨울,기본,긴팔,블랙;베이지;브라운;카키,4050,슬랙스;데님,"미샵 - 메이 담보루 소프트 맨투맨 (4 color) 메이 담보루 소프트 맨투맨 (4 color) (해외배송 가능상품) ( 건) 메이 담보루 소프트 맨투맨 (4 color) 29,800원 290원 (1%) 재입고 알림 SMS 상품 옵션 컬러 - [필수] 옵션을 선택해 주세요 - ------------------- 베이지 파스텔그린 브라운 블랙 옵션선택 상품 목록 상품명 상품수 가격 메이 담보"
28461,마이 스트라이프 기모 맨투맨,티셔츠,티셔츠,27600,,,55-88,어깨좁음,뱃살커버,데일리,겨울,기본,긴팔,그레이,4050,슬랙스;데님,【따뜻한 안기모】
28149,블랙 레더 벨트 미디 스커트,원피스/스커트,스커트,29200,,,55-88,복부체형;하체통통,힙커버,클래식;데일리;오피스룩;모임룩,,크롭,긴팔,블랙,4050,데님;스커트;니트,【벨트세트 / 편안한 허리밴딩】
28454,피아 스트라이프 니트,니트/가디건,니트,34500,레이온55% 폴리에스터,,55-88,어깨좁음,뱃살커버;허리라인보정,클래식;데일리,,기본,긴팔,블랙;화이트;아이보리;소라,4050,슬랙스;데님;니트,"미샵 - 피아 스트라이프 니트 (3 color) 피아 스트라이프 니트 (3 color) (해외배송 가능상품) ( 건) 피아 스트라이프 니트 (3 color) 34,500원 340원 (1%) 재입고 알림 SMS 상품 옵션 컬러 - [필수] 옵션을 선택해 주세요 - ------------------- 아이보리 소라 블랙 옵션선택 상품 목록 상품명 상품수 가격 피아 스트라이프 니트 (3 color"
28453,레밍 체크 니트 가디건,니트/가디건,니트,31000,폴리에스터70% 베이스로 원단 결이 매끈하고 형태 안정감이 좋아,,55-88,어깨좁음,허리라인보정,클래식;데일리,겨울,기본,긴팔,그레이;네이비,4050,데님;스커트;니트,"미샵 - 레밍 체크 니트 가디건 (3 color) 레밍 체크 니트 가디건 (3 color) (해외배송 가능상품) ( 건) 레밍 체크 니트 가디건 (3 color) 34,500원 31,000원 남은시간 3일 11:07:09 (3,500원 할인) 2026-03-13 12:00 ~ 2026-03-17 12:00 310원 (1%) 재입고 알림 SMS 상품 옵션 컬러 - [필수] 옵션을 선택해 주세요"
28468,헤링본 체크 플리츠 원피스,원피스/스커트,원피스,74500,,,55-88,어깨좁음;복부체형;하체통통,힙커버;허리라인보정,클래식;데일리;오피스룩,겨울,기본,긴팔,블랙;아이보리;브라운,4050,데님;원피스;니트,【울20 / 헤링본 클래식 체크】
28448,로니어 배색 가디건 풀오버,니트/가디건,가디건,48500,울8%가 섞여 은은한 보온감과 공기층을 만들어주고,,55-88,어깨좁음;복부체형,뱃살커버;허리라인보정,클래식;데일리,겨울,기본,긴팔,네이비;브라운,4050,슬랙스;데님;니트,"미샵 - 로니어 배색 가디건 풀오버 (2 color) 로니어 배색 가디건 풀오버 (2 color) (해외배송 가능상품) ( 건) 로니어 배색 가디건 풀오버 (2 color) 48,500원 480원 (1%) 재입고 알림 SMS 상품 옵션 컬러 - [필수] 옵션을 선택해 주세요 - ------------------- 브라운 네이비 옵션선택 상품 목록 상품명 상품수 가격 로니어 배색 가디건 풀오버"
27276,머드 5부 반폴라 티셔츠,블라우스/셔츠,셔츠,27800,코튼89% 스판11% 혼용 소재입니다 / 스판11% 혼용 소재입니다,정핏,44-88,어깨좁음,힙커버;허리라인보정,클래식;데일리;오피스룩,봄;가을;간절기,하프,긴팔,블랙;아이보리;베이지,4050,슬랙스;데님;스커트,"미샵 - 머드 5부 반폴라 티셔츠 (4 color) 머드 5부 반폴라 티셔츠 (4 color) (해외배송 가능상품) ( 건) 머드 5부 반폴라 티셔츠 (4 color) 27,800원 270원 (1%) 재입고 알림 SMS 상품 옵션 컬러 - [필수] 옵션을 선택해 주세요 - ------------------- 아이보리 베이지 카멜 블랙 옵션선택 상품 목록 상품명 상품수 가격 머드 5부 반폴라"
28154,프릴리 기모 레이스 블라우스,블라우스/셔츠,블라우스,26500,코튼80% 폴리에스터20% 혼용 소재입니다 / 폴리에스터20% 혼용 소재입니다,,55-88,어깨좁음,허리라인보정,클래식;페미닌;데일리,봄;가을;겨울,기본,긴팔,,4050,데님;니트,【미세한 기모의 결이 함께】
28449,요미 니트 조끼,니트/가디건,니트,29500,,,44-88,어깨좁음,뱃살커버;허리라인보정,클래식;데일리;오피스룩,봄;가을;겨울,기본,긴팔,아이보리;그레이,4050,데님;니트,"미샵 - 요미 니트 조끼 (2 color) 요미 니트 조끼 (2 color) (해외배송 가능상품) ( 건) 요미 니트 조끼 (2 color) 29,500원 290원 (1%) 재입고 알림 SMS 상품 옵션 컬러 - [필수] 옵션을 선택해 주세요 - ------------------- 아이보리 그레이 옵션선택 상품 목록 상품명 상품수 가격 요미 니트 조끼 (2 color) 수량증가 수량감소 29"
28447,엔드 컬러 배색 골지 니트,니트/가디건,니트,36800,폴리에스터80% 베이스로 구김 / 울5% 혼용으로 포근한 온기를 더하고,,44-88,어깨좁음,허리라인보정,클래식;데일리;오피스룩,겨울,기본,긴팔,베이지;브라운,4050,슬랙스;데님;니트,"미샵 - 엔드 컬러 배색 골지 니트 (3 color) 엔드 컬러 배색 골지 니트 (3 color) (해외배송 가능상품) ( 건) 엔드 컬러 배색 골지 니트 (3 color) 36,800원 360원 (1%) 재입고 알림 SMS 상품 옵션 컬러 - [필수] 옵션을 선택해 주세요 - ------------------- 베이지 브라운 옵션선택 상품 목록 상품명 상품수 가격 엔드 컬러 배색 골지 니트"
26832,2타입 뒷절개 트임 데님,팬츠,데님,29800,코튼100% 소재로 만듭니다 / 코튼90% 폴리에스터10% 혼용 소재입니다 / 폴리에스터10% 혼용 소재입니다,,44-88,복부체형;하체통통,힙커버;허리라인보정,클래식;데일리,봄;가을;간절기,롱,긴팔,,4050,슬랙스;데님,【2길이/3컬러/4사이즈】
26749,레이스 미디 텐션 스커트,원피스/스커트,스커트,30800,폴리에스터100% 레이스 소재입니다,,55-88,복부체형;하체통통,뱃살커버;힙커버;허리라인보정,페미닌;데일리,봄;여름;가을,롱,긴팔,아이보리,4050,데님;스커트,"미샵 - 레이스 미디 텐션 스커트 (2 color) 레이스 미디 텐션 스커트 (2 color) (해외배송 가능상품) ( 건) 레이스 미디 텐션 스커트 (2 color) 38,500원 30,800원 남은시간 1388일 11:06:57 (7,700원 할인) 2024-11-26 12:00 ~ 2029-12-31 12:00 300원 (1%) 재입고 알림 SMS 상품 옵션 컬러 - [필수] 옵션을 선"
28466,그루밍 플라워 레터링 실크 스카프,,,17800,,,55-88,4050 여성 일반체형,,페미닌;데일리,,기본,긴팔,,4050,데님,【실크만의 고급스러움 그대로】
26106,메쉬 투 스트랩 숄더백,,,55800,,,55-88,4050 여성 일반체형,,데일리,,기본,긴팔,블랙;브라운,4050,데님,고퀄리티 데일리백
28443,웜웜 배색 니트 풀오버,니트/가디건,니트,42800,,루즈핏,55-88,어깨좁음;복부체형,뱃살커버;허리라인보정,클래식;데일리;오피스룩;모임룩,겨울,기본,긴팔,베이지;핑크;브라운,4050,슬랙스;데님;스커트;니트,"미샵 - 웜웜 배색 니트 풀오버 (3 color) 웜웜 배색 니트 풀오버 (3 color) (해외배송 가능상품) ( 건) 웜웜 배색 니트 풀오버 (3 color) 42,800원 420원 (1%) 재입고 알림 SMS 상품 옵션 컬러 - [필수] 옵션을 선택해 주세요 - ------------------- 베이지 핑크 브라운 옵션선택 상품 목록 상품명 상품수 가격 웜웜 배색 니트 풀오버 (3 c"
28441,리옹 니트 가디건 자켓,아우터,자켓,38200,,,55-88,어깨좁음;복부체형,뱃살커버;허리라인보정,클래식;페미닌;데일리;오피스룩,겨울,기본,긴팔,그레이,4050,슬랙스;데님;스커트;니트,"미샵 - 리옹 니트 가디건 자켓 (2 color) 리옹 니트 가디건 자켓 (2 color) (해외배송 가능상품) ( 건) 리옹 니트 가디건 자켓 (2 color) 42,500원 38,200원 남은시간 3일 11:06:51 (4,300원 할인) 2026-03-13 12:00 ~ 2026-03-17 12:00 380원 (1%) 재입고 알림 SMS 상품 옵션 컬러 - [필수] 옵션을 선택해 주세요"
28442,웜 플리츠 니트 스커트,니트/가디건,니트,39800,울6% + 비스코스54% + 나일론40% 혼용입니다 / 울6% 비스코스54% 나일론40% 혼용 니트입니다 / 비스코스54% + 나일론40% 혼용입니다 / 비스코스54% 나일론40% 혼용 니트입니다,,55-88,복부체형;하체통통,힙커버;허리라인보정,데일리;오피스룩;모임룩,겨울,기본,긴팔,블랙,4050,데님;스커트;니트,"미샵 - 웜 플리츠 니트 스커트 (3 color) 웜 플리츠 니트 스커트 (3 color) (해외배송 가능상품) ( 건) 웜 플리츠 니트 스커트 (3 color) 39,800원 390원 (1%) 재입고 알림 SMS 상품 옵션 컬러 - [필수] 옵션을 선택해 주세요 - ------------------- 블랙 옵션선택 상품 목록 상품명 상품수 가격 웜 플리츠 니트 스커트 (3 color) 수량"
28440,루미에르 트윙클 울 가디건,니트/가디건,가디건,46800,울30% 혼방 소재로 포근함은 충분하고,세미루즈,55-88,어깨좁음,,클래식;데일리;오피스룩,겨울,기본,긴팔,그레이;브라운,4050,슬랙스;데님;니트,【따뜻 울30 /가벼운 스파클 원사】
28458,루비 벨벳라이크 머플러,,,13300,,,55-88,4050 여성 일반체형,,데일리,,기본,긴팔,,4050,데님,【구김 없이 부드럽고 포근】
28434,컬러 배색 울 니트 풀오버,니트/가디건,니트,44800,울50% 혼용으로 포근함은 충분하고,,44-88,어깨좁음,,클래식;데일리;오피스룩,겨울,기본,긴팔,그레이;네이비;브라운,4050,슬랙스;데님;스커트;니트,【울50 / 브랜드 느낌 그대로 】
28431,소프트 멜란지 울 니트,니트/가디건,니트,54500,울10% 혼용으로 간절기에 필요한 보온감은 충분히 챙겼습니다,세미루즈,55-88,어깨좁음,뱃살커버,클래식;페미닌;데일리,봄;가을;겨울,기본,긴팔,베이지;그레이;핑크,4050,슬랙스;데님;스커트;니트,"【울믹스의 큐트 니트, 간절기까지 따뜻하게】"
27240,와이드 캐시미어 니트 조끼,니트/가디건,니트,49800,울60% 혼용 니트입니다,,55-88,어깨좁음;하체통통,뱃살커버;허리라인보정,데일리,봄;가을;겨울,기본,긴팔,블랙;그레이;소라,4050,데님;원피스;니트,【캐시미어5%+울60%】
27228,브린 슬림핏 셔츠,블라우스/셔츠,셔츠,39800,코튼100% / 코튼100%로 밀도감이 느껴지며 매트하지만 손에 닿는 촉감은 부드럽습니다 / 코튼100% 소재로 매트하지만 실키한 감촉이 느껴집니다,루즈핏,44-88,어깨좁음;복부체형,뱃살커버;허리라인보정,클래식;페미닌;데일리;오피스룩,,기본,긴팔,블랙;화이트,4050,슬랙스;데님;니트,【스판력있어 더 맵시감좋은 핏】
24674,베이직 링클 머플러,,,21800,,,55-88,4050 여성 일반체형,,데일리,봄;여름;가을,기본,긴팔,블랙;베이지,4050,데님,부드러운 터치와 적절한 보온력
25571,디어 벨벳 핸들 머플러,,,12800,,,55-88,4050 여성 일반체형,,데일리,봄;가을;겨울,기본,긴팔,베이지;그레이;네이비,4050,데님,"미샵 - 디어 벨벳 핸들 머플러 (3 color) 디어 벨벳 핸들 머플러 (3 color) (해외배송 가능상품) ( 건) 디어 벨벳 핸들 머플러 (3 color) 12,800원 120원 (1%) 재입고 알림 SMS 상품 옵션 컬러 - [필수] 옵션을 선택해 주세요 - ------------------- 베이지 그레이 네이비 옵션선택 상품 목록 상품명 상품수 가격 디어 벨벳 핸들 머플러 (3"
28411,멜로 플리스 하프넥 티셔츠,블라우스/셔츠,셔츠,28500,폴리에스터55% 레이온40% 스판5% 혼용소재입니다 / 폴리에스터55% 레이온40% 스판5% 혼용 소재입니다 / 레이온40% 스판5% 혼용소재입니다 / 레이온40% 스판5% 혼용 소재입니다,세미루즈,44-88,어깨좁음;복부체형;하체통통,뱃살커버;힙커버;허리라인보정,클래식;데일리;오피스룩,봄;가을;겨울,하프,긴팔,블랙;베이지;핑크;브라운,4050,슬랙스;데님;니트,【따스하고 텐션좋은 플리스 원단】
